,LOCCODE,PreK_Type,Borough,LocName,NOTE,phone,address,Postcode,Day_Length,Seats,X,Y,Email,Website,MEALS,INDOOR_OUTDOOR,EXTENDED_DAY,SEMS_CODE,Latitude,Longitude,Community Board,Council District ,Census Tract,BIN,BBL,NTA
615,M001,DOE,M,P.S. 001 Alfred E Smith,,212-267-4133,8 Henry St,10038,1,72,984943,198898,ahom@schools.nyc.gov,http://schools.nyc.gov/schoolportals/02/m001,3,3,3,02M001,40.712759999999996,-73.997489,3,1,27,1003375.0,1002790040.0,Chinatown                                                                  
616,M002,DOE,M,P.S. 002 Meyer London,,212-964-0350,122 Henry St,10002,1,54,986640,199073,bng2@schools.nyc.gov,http://schools.nyc.gov/schoolportals/02/m002,2,7,3,02M002,40.713273,-73.991339,3,1,6,1003248.0,1002730001.0,Lower East Side                                                            
617,M003,DOE,M,P.S. 003 Charrette School,,212-691-1183,490 Hudson St,10014,1,54,982537,206190,rkeatin@schools.nyc.gov,http://ps3nyc.org,2,3,1,02M003,40.732593,-74.006466,2,3,73,1009872.0,1005850041.0,West Village                                                               
618,M004,DOE,M,P.S. 004 Duke Ellington,,212-928-0739,500 West 160 St,10032,1,18,1000514,243409,bwhitejones@schools.nyc.gov,http://schools.nyc.gov/schoolportals/06/m004,2,3,3,06M004,40.834899,-73.941085,12,7,245,1062792.0,1021180022.0,Washington Heights South                                                   
619,M005,DOE,M,P.S. 005 Ellen Lurie,,212-567-8109,3703 Tenth Ave,10034,1,54,1005727,252054,wsoto2@schools.nyc.gov,http://schools.nyc.gov/schoolportals/06/m005,2,3,3,06M005,40.858990000000006,-73.922894,12,10,299,1084201.0,1021500030.0,Marble Hill-Inwood                                                         
620,M007,DOE,M,P.S. 007 Samuel Stern,,212-860-5827,160 East 120 St,10035,1,36,1001046,231035,stalati@schools.nyc.gov,http://psms7.org/,3,3,3,04M007,40.801007,-73.93934899999999,11,8,196,1083501.0,1017680021.0,East Harlem North                                                          
621,M008,DOE,M,P.S. 008 Luis Belliard,,212-928-4364,465 West 167 St,10032,1,54,1001794,245009,rlandin@schools.nyc.gov,http://schools.nyc.gov/schoolportals/06/m008,2,3,3,06M008,40.838954,-73.936838,12,10,249,1081842.0,1021120001.0,Washington Heights South                                                   
622,M009,DOE,M,P.S. 009 Sarah Anderson,,212-678-2812,100 West 84 St,10024,1,18,991527,225333,ryoskowitz@schools.nyc.gov,http://schools.nyc.gov/schoolportals/03/m009,5,9,3,03M009,40.785287,-73.97343000000001,7,6,169,1032119.0,1012140029.0,Upper West Side                                                            
623,M011,DOE,M,P.S. 011 William T Harris,,212-929-1743,320 West 21 St,10011,1,18,984061,210431,smcgill3@schools.nyc.gov,http://schools.nyc.gov/schoolportals/02/m011,3,3,1,02M011,40.744349,-74.000253,4,3,89,1013260.0,1007440024.0,Hudson Yards-Chelsea-Flatiron-Union Square                                 
624,M015,DOE,M,P.S. 015 Roberto Clemente,,212-228-8730,333 East 4 St,10009,1,36,990123,202281,isanchez11@schools.nyc.gov,http://schools.nyc.gov/schoolportals/01/m015,3,3,1,01M015,40.721807,-73.979022,3,2,2601,1004415.0,1003740020.0,Lower East Side                                                            
625,M019,DOE,M,P.S. 019 Asher Levy,,212-533-5340,185 1 Ave,10003,1,36,988634,205140,jflanagan@schools.nyc.gov,http://schools.nyc.gov/schoolportals/01/m019,2,3,3,01M019,40.729636,-73.983818,3,2,40,1006478.0,1004530034.0,East Village                                                               
626,M020,DOE,M,P.S. 020 Anna Silver,,212-254-9577,166 Essex St,10002,1,54,988025,202056,tarrington@schools.nyc.gov,http://schools.nyc.gov/schoolportals/01/m020,2,3,3,01M020,40.721540000000005,-73.986648,3,1,3001,1004325.0,1003550001.0,Chinatown                                                                  
627,M028,DOE,M,P.S. 028 Wright Brothers,,212-690-3014,475 West 155 St,10032,1,36,1000300,242214,abaez7@schools.nyc.gov,http://schools.nyc.gov/schoolportals/06/m028,2,3,3,06M028,40.831227,-73.942143,12,7,239,1076739.0,1021070026.0,Washington Heights South                                                   
628,M030,DOE,M,P.S. 030 Hernandez / Hughes,,212-876-1825,144 - 176 East 128 St,10035,1,28,1002179,232850,tstinso@schools.nyc.gov,http://schools.nyc.gov/schoolportals/05/m030,3,3,3,05M030,40.805953,-73.935179,11,9,242,1054502.0,1017760020.0,East Harlem North                                                          
629,M033,DOE,M,P.S. 033 Chelsea Prep,,212-244-6426,281 9 Ave,10001,1,36,984209,212170,llindy@schools.nyc.gov,http://schools.nyc.gov/schoolportals/02/m033,2,3,3,02M033,40.748818,-73.999646,4,3,97,1012829.0,1007240023.0,Hudson Yards-Chelsea-Flatiron-Union Square                                 
630,M034,DOE,M,P.S. 034 Franklin D Roosevelt,,212-228-4433,730 East 12 St,10009,1,18,991118,203875,rgonzal52@schools.nyc.gov,http://schools.nyc.gov/schoolportals/01/m034,3,3,3,01M034,40.726473,-73.975181,3,2,28,1004564.0,1003810038.0,Lower East Side                                                            
631,M036,DOE,M,P.S. 036 Margaret Douglas,,212-690-5807,123 Morningside Dr,10027,1,90,996044,234601,hjnbapt@schools.nyc.gov,http://schools.nyc.gov/schoolportals/05/m036,3,3,3,05M036,40.81027,-73.957482,9,7,19701,1055890.0,1018500002.0,Morningside Heights                                                        
632,M037,DOE,M,River East Elementary,,212-348-2208,508 East 120 St,10035,1,18,1003514,229670,dcatlin@schools.nyc.gov,http://rivereastelementary.org,3,7,3,04M037,40.797467,-73.930868,11,8,192,1084005.0,1018160001.0,East Harlem North                                                          
633,M038,DOE,M,P.S. 38 Roberto Clemente,,212-860-5882,232 East 103 St,10029,1,36,999494,226582,csantos@schools.nyc.gov,http://schools.nyc.gov/schoolportals/04/m038,2,2,3,04M038,40.788952,-73.944538,11,8,164,1052384.0,1016520016.0,East Harlem South                                                          
634,M040,DOE,M,P.S. 040 Augustus St. - Gaudens,,212-475-5500,319 East 19 St,10003,1,36,989288,207141,02m040@schools.nyc.gov,http://schools.nyc.gov/schoolportals/02/m040,2,3,3,02M040,40.735161,-73.982027,6,2,64,1020513.0,1009250012.0,Gramercy                                                                   
635,MBKR,NYCEEC,M,Play Together NYC Preschool,,917-842-2779,270 West 84th St Basement,10024,1,12,990236,226090,nylakam@gmail.com,,5,9,3,03MBKR,40.787335,-73.978286,7,6,171,1032793.0,1012310060.0,Upper West Side                                                            
636,M041,DOE,M,P.S. 041 Greenwich Village,,212-675-2756,116 West 11 St,10011,1,36,984442,207285,mfarinet@schools.nyc.gov,http://schools.nyc.gov/schoolportals/02/m041,5,9,3,02M041,40.735692,-73.999026,2,3,71,1010543.0,1006060049.0,West Village                                                               
637,M042,DOE,M,P.S. 042 Benjamin Altman,,212-226-8410,71 Hester St,10002,1,54,986781,200151,MLee4@schools.nyc.gov,http://schools.nyc.gov/schoolportals/02/m042,3,3,3,02M042,40.715905,-73.990895,3,1,16,1003998.0,1003090001.0,Chinatown                                                                  
638,M046,DOE,M,P.S. 046 Arthur Tappan,,212-360-1519,2987 Frederick Dgls Blvd,10039,1,54,1001975,242268,gyoung@schools.nyc.gov,http://schools.nyc.gov/schoolportals/05/m046,2,3,3,05M046,40.830729999999996,-73.936134,10,9,24302,1082090.0,1021060050.0,Central Harlem North-Polo Grounds                                          
639,M048,DOE,M,P.S. 048 P.O. Michael J Buczek,,917-521-3800,4360 - 78 Broadway,10033,1,36,1002580,250136,twalsh@schools.nyc.gov,http://schools.nyc.gov/schoolportals/06/m048,2,3,3,06M048,40.853466,-73.934048,12,10,271,1076752.0,1021670029.0,Washington Heights North                                                   
640,M051,DOE,M,P.S. 051 Elias Howe,,212-315-7160,525 West 44th St,10036,1,54,985591,216656,nbock@schools.nyc.gov,http://ps51manhattan.com,3,3,3,02M051,40.761479,-73.995823,4,3,129,1089418.0,1010730014.0,Clinton                                                                    
641,M057,DOE,M,James Weldon Johnson,,212-860-5812,176 East 115 St,10029,1,36,1000443,229798,lhasty@schools.nyc.gov,http://schools.nyc.gov/schoolportals/04/m057,2,3,3,04M057,40.797577000000004,-73.94128,11,8,182,1083184.0,1016400139.0,East Harlem North                                                          
642,M063,DOE,M,The Star Academy - Ps63,,212-674-3180,121 East 3 St,10009,1,36,988036,203208,dcameron2@schools.nyc.gov,http://staracademyps63.com/,3,3,1,01M063,40.724117,-73.98638100000001,3,2,32,1005760.0,1004310014.0,East Village                                                               
643,M064,DOE,M,P.S. 064 Robert Simon,,212-673-6510,600 East 6 St,10009,1,36,989364,203121,mhosang@schools.nyc.gov,http://schools.nyc.gov/schoolportals/01/m064,2,3,3,01M064,40.72438,-73.98138,3,2,2601,1004627.0,1003870001.0,Lower East Side                                                            
644,M072,DOE,M,The Lexington Academy,,212-860-5831,131 East 104 St,10029,1,54,998767,227582,ahernan7@schools.nyc.gov,http://lexingtonacademy.info,3,1,3,04M072,40.791179,-73.947776,11,8,166,1081340.0,1016320011.0,East Harlem South                                                          
645,M076,DOE,M,P.S. 076 A Philip Randolph,,212-678-2865,220 West 121 St,10027,1,54,997726,233142,cdeberr@schools.nyc.gov,http://schools.nyc.gov/schoolportals/03/m076,3,3,1,03M076,40.806768,-73.951061,10,9,220,1058470.0,1019260017.0,Central Harlem South                                                       
646,M083,DOE,M,P.S. 083 Luis Munoz Rivera,,212-860-5847,219 East 109 St,10029,1,18,1000188,228334,fcastil@schools.nyc.gov,http://schools.nyc.gov/schoolportals/04/m083,3,3,3,04M083,40.793194,-73.942548,11,8,180,1052436.0,1016590012.0,East Harlem North                                                          
647,M084,DOE,M,P.S. 084 Lillian Weber,,212-799-2534,32 West 92 St,10025,1,36,993059,226926,rsundic@schools.nyc.gov,http://schools.nyc.gov/schoolportals/03/m084,2,3,3,03M084,40.789526,-73.967574,7,6,177,1081042.0,1012050006.0,Upper West Side                                                            
648,M087,DOE,M,P.S. 087 William Sherman,,212-678-2826,160 West 78 St,10024,1,18,990406,224094,mlerner@ps87.info,http://ps87.info,2,7,3,03M087,40.781958,-73.977638,7,6,161,1030196.0,1011490007.0,Upper West Side                                                            
649,M089,DOE,M,P.S. 89,,212-571-5659,201 Warren St,10282,1,16,980448,200482,vnajjar@schools.nyc.gov,http://schools.nyc.gov/schoolportals/02/m089,5,9,3,02M089,40.716668,-74.013542,1,1,31703,1085568.0,1000160220.0,Battery Park City-Lower Manhattan                                          
650,M092,DOE,M,P.S. 092 Mary McLeod Bethune,,212-690-5915,222 West 134 St,10030,1,54,999200,236265,rdavila@schools.nyc.gov,http://schools.nyc.gov/schoolportals/05/m092,3,3,3,05M092,40.815016,-73.945123,10,9,226,1058808.0,1019390011.0,Central Harlem North-Polo Grounds                                          
651,M096,DOE,M,P.S. 096 Joseph Lanzetta,,212-860-5851,216 East 120 St,10035,1,36,1001519,230774,skemp22@schools.nyc.gov,http://schools.nyc.gov/schoolportals/04/m096,2,3,3,04M096,40.800256,-73.937558,11,8,194,1074333.0,1017840012.0,East Harlem North                                                          
652,M098,DOE,M,P.S. 098 Shorac Kappock,,212-927-7870,512 West 212 St,10034,1,126,1007005,255485,mrodriguez23@schools.nyc.gov,http://schools.nyc.gov/schoolportals/06/m098,2,7,3,06M098,40.867826,-73.917059,12,10,303,1064871.0,1022290012.0,Marble Hill-Inwood                                                         
653,M102,DOE,M,P.S. 102 Jacques Cartier,,212-860-5834,315 East 113 St,10029,1,28,1001261,228920,cpinckn2@schools.nyc.gov,http://ps102m.org,2,3,3,04M102,40.794872,-73.93871899999999,11,8,180,1081366.0,1016840101.0,East Harlem North                                                          
654,M108,DOE,M,P.S. 108 Assemblyman Angelo Del Toro Educational Complex,,212-860-5803,1615 Madison Ave,10029,1,18,998589,228939,gmachic@schools.nyc.gov,http://schools.nyc.gov/schoolportals/04/m108,3,3,3,04M108,40.795146,-73.948368,11,8,17401,1051584.0,1016140021.0,East Harlem South                                                          
655,M110,DOE,M,P.S. 110 Florence Nightingale,,212-674-2690,285 Delancy St,10002,1,36,989803,199925,parentcoordinator110@yahoo.com,http://schools.nyc.gov/schoolportals/01/m110,2,3,3,01M110,40.715915,-73.979893,3,1,12,1004066.0,1003310140.0,Lower East Side                                                            
656,M111,DOE,M,P.S. 111 Adolph S Ochs,,212-582-7420,440 West 53 St,10019,1,54,987176,218312,zcosme@schools.nyc.gov,http://schools.nyc.gov/schoolportals/02/m111,2,3,3,02M111,40.765878,-73.988823,4,3,133,1026740.0,1010620003.0,Clinton                                                                    
657,M112,DOE,M,P.S. 112 Jose Celso Barbosa,,212-860-5868,535 East 119 St,10035,1,36,1003557,229497,ereiter@schools.nyc.gov,http://schools.nyc.gov/schoolportals/04/m112,2,7,3,04M112,40.796668,-73.930966,11,8,192,1084005.0,1018160001.0,East Harlem North                                                          
658,M115,DOE,M,P.S. 115 Alexander Humboldt,,212-927-9233,586 West 177 St,10033,1,36,1002225,247606,bconsue@schools.nyc.gov,http://schools.nyc.gov/schoolportals/06/m115,3,3,3,06M115,40.846542,-73.93520500000001,12,10,261,1063228.0,1021330040.0,Washington Heights South                                                   
659,M116,DOE,M,P.S. 116 Mary Lindley Murray,,212-685-4366,210 East 33 St,10016,1,54,990449,210502,vritter@ps116.org,http://ps116.org,2,7,3,02M116,40.744838,-73.978116,6,2,70,1020080.0,1009130007.0,Murray Hill-Kips Bay                                                       
660,M123,DOE,M,P.S. 123 Mahalia Jackson,,212-342-6200,301 West 140 St,10030,1,54,999649,238086,mhernan5@schools.nyc.gov,http://schools.nyc.gov/schoolportals/05/m123,3,3,3,05M123,40.819767,-73.94443299999999,10,9,22102,1060726.0,1020420035.0,Central Harlem North-Polo Grounds                                          
661,M124,DOE,M,P.S. 124 Yung Wing,,212-966-7237,40 Division St,10002,1,90,985508,199564,ahom2@schools.nyc.gov,http://schools.nyc.gov/schoolportals/02/m124,2,3,3,02M124,40.714201,-73.995087,3,1,16,1075787.0,1002890001.0,Chinatown                                                                  
662,M125,DOE,M,P.S. 125 Ralph Bunche,,212-666-6400,425 West 123 St,10027,1,54,996483,234615,rhiggins@schools.nyc.gov,http://schools.nyc.gov/schoolportals/05/m125,3,3,3,05M125,40.810431,-73.955809,9,7,20901,1059526.0,1019640012.0,Morningside Heights                                                        
663,MANG,NYCEEC,M,Imagine ELC At Vets Kids,,212-951-3435,423 East 23 St,10010,1,15,990780,207539,lauren@imagineelc.com,http://imagineelc.com,5,4,1,02MANG,40.736470000000004,-73.97773199999999,6,4,62,1081691.0,1009550005.0,Murray Hill-Kips Bay                                                       
664,M126,DOE,M,P.S. 126 Jacob August Riis,,212-962-2188,80 Catherine St,10038,1,46,985099,198162,jgetz@schools.nyc.gov,http://schools.nyc.gov/schoolportals/02/m126,2,2,3,02M126,40.710729,-73.99663100000001,3,1,25,1083357.0,1001110160.0,Chinatown                                                                  
665,M128,DOE,M,P.S. 128 Audubon,,212-927-0607,560 West 169 St,10032,1,108,1001154,245745,rarredo@schools.nyc.gov,http://schools.nyc.gov/schoolportals/06/m128,2,3,3,06M128,40.841321,-73.938506,12,10,251,1062994.0,1021250001.0,Washington Heights South                                                   
666,M129,DOE,M,P.S. 129 John H Finley,,212-690-5932,425 West 130 St,10027,1,72,997573,236146,opierre@schools.nyc.gov,http://schools.nyc.gov/schoolportals/05/m129,2,3,3,05M129,40.814637,-73.951912,9,9,21703,1059407.0,1019570010.0,Manhattanville                                                             
667,M130,DOE,M,P.S. 130 Hernando De Soto,,212-226-8072,143 Baxter St,10013,1,18,984696,201108,dchong@schools.nyc.gov,http://schools.nyc.gov/schoolportals/02/m130,2,3,3,02M130,40.718903000000005,-73.99843800000001,2,1,41,1003086.0,1002360038.0,SoHo-TriBeCa-Civic Center-Little Italy                                     
668,M133,DOE,M,P.S. 133 Fred R Moore,,212-690-5936,2121 5 Ave,10037,1,18,1000983,234251,pbalbue@schools.nyc.gov,http://schools.nyc.gov/schoolportals/05/m133,2,3,3,05M133,40.809672,-73.939872,11,9,206,1054276.0,1017550001.0,Central Harlem North-Polo Grounds                                          
669,M134,DOE,M,P.S. 134 Henrietta Szold,,212-673-4470,293 East Broadway,10002,1,36,988696,199514,dkim@schools.nyc.gov,http://schools.nyc.gov/schoolportals/01/m134,2,3,3,01M134,40.71457,-73.983724,3,1,202,1003736.0,1002880015.0,Lower East Side                                                            
670,M137,DOE,M,P.S. 137 John L Bernstein,,646-602-2140,293 East Broadway,10002,1,18,988761,199522,mrodrig19@schools.nyc.gov,http://schools.nyc.gov/schoolportals/01/m137,2,2,3,01M137,40.71457,-73.983724,3,1,202,1003736.0,1002880015.0,Lower East Side                                                            
671,M140,DOE,M,P.S. 140 Nathan Straus,,212-677-4680,123 Rdg St,10002,1,18,988831,201263,ebarrie@schools.nyc.gov,http://schools.nyc.gov/schoolportals/01/m140,3,7,1,01M140,40.71925,-73.983056,3,1,2201,1004091.0,1003440001.0,Lower East Side                                                            
672,M142,DOE,M,P.S. 142 Amalia Castro,,212-598-3800,100 Attorney St,10002,1,30,988655,200914,rlevy4@schools.nyc.gov,http://schools.nyc.gov/schoolportals/01/m142,3,3,1,01M142,40.718383,-73.984452,3,1,1402,1004080.0,1003430001.0,Lower East Side                                                            
673,M145,DOE,M,The Bloomingdale Magnet School For Multimedia Communication,,212-678-2857,150 West 105 St,10025,1,54,993925,230396,ngarcia52@schools.nyc.gov,http://schools.nyc.gov/schoolportals/03/m145,2,3,3,03M145,40.799178000000005,-73.964842,7,7,189,1076625.0,1018590001.0,Upper West Side                                                            
674,M146,DOE,M,P.S. 146 Ann M Short,,212-860-5877,421 East 106 St,10029,1,28,1001170,226970,msilfen@ps146.org,http://schools.nyc.gov/schoolportals/04/m146,3,3,3,04M146,40.789295,-73.939262,11,8,162,1052999.0,1017000001.0,East Harlem South                                                          
675,M149,DOE,M,P.S. 149 Sojourner Truth,,646-672-9020,41 West 117 St,10026,1,36,998595,231664,ibooker2@schools.nyc.gov,http://schools.nyc.gov/schoolportals/03/m149,2,3,3,03M149,40.802136,-73.947828,10,9,190,1051434.0,1016010001.0,Central Harlem South                                                       
676,M150,DOE,M,P.S. 150,,212-732-4392,334 Greenwich St,10013,1,18,981231,200964,lcohen25@schools.nyc.gov,http://ps150.net,2,7,3,02M150,40.718219,-74.01051899999999,1,1,39,1083240.0,1001420025.0,SoHo-TriBeCa-Civic Center-Little Italy                                     
677,M152,DOE,M,P.S. 152 Dyckman Valley,,212-567-5456,93 Nagle Ave,10040,1,72,1004217,252658,jpietri2@schools.nyc.gov,http://schools.nyc.gov/schoolportals/06/m152,2,3,3,06M152,40.860412,-73.927936,12,10,283,1064149.0,1021730001.0,Washington Heights North                                                   
679,M153,DOE,M,P.S. 153 Adam Clayton Powell,,212-927-8611,1750 Amsterdam Ave,10031,1,54,998861,240339,kbailey2@schools.nyc.gov,http://schools.nyc.gov/schoolportals/06/m153,2,3,3,06M153,40.826295,-73.946845,9,7,233,1081834.0,1020780019.0,Hamilton Heights                                                           
680,M154,DOE,M,P.S. 154 Harriet Tubman,,212-864-2400,250 West 127 St,10027,1,36,998368,234654,ejarret@schools.nyc.gov,http://schools.nyc.gov/schoolportals/05/m154,3,3,3,05M154,40.810928000000004,-73.948938,10,9,224,1058671.0,1019320010.0,Central Harlem North-Polo Grounds                                          
681,M155,DOE,M,P.S. 155 William Paca,,212-860-5885,319 East 117 St,10035,1,36,1001872,229830,lortiz4@schools.nyc.gov,http://schools.nyc.gov/schoolportals/04/m155,3,3,3,04M155,40.797302,-73.93636500000001,11,8,188,1052986.0,1016890005.0,East Harlem North                                                          
682,M158,DOE,M,P.S. 158 Bayard Taylor,,212-744-6562,1458 York Ave,10075,1,72,997867,219948,DErcola@schools.nyc.gov,http://schools.nyc.gov/schoolportals/02/m158,2,3,1,02M158,40.770419,-73.951135,8,5,132,1046411.0,1014890001.0,Lenox Hill-Roosevelt Island                                                
683,M163,DOE,M,P.S. 163 Alfred E Smith,,212-678-2854,163 West 97 St,10025,1,28,992914,228816,dlopez17@schools.nyc.gov,http://schools.nyc.gov/schoolportals/03/m163,2,3,3,03M163,40.794264,-73.96870600000001,7,7,185,1055908.0,1018520099.0,Upper West Side                                                            
684,M165,DOE,M,P.S. 165 Robert E Simon,,212-678-2873,234 West 109 St,10025,1,36,993633,231720,acastellanofolk@schools.nyc.gov,http://schools.nyc.gov/schoolportals/03/m165,3,3,3,03M165,40.802917,-73.965613,7,7,195,1056676.0,1018800013.0,Morningside Heights                                                        
685,M168,CHARTER,M,East Harlem Scholars Academy Charter School II Pre - Kindergarten,,212-348-2518,1573 Madison Ave,10029,1,36,998441,228534,info@ehtp.org,http://eastharlemscholars.org/east-harlem-scholars-academy-ii,5,9,3,04M168,40.793763,-73.949381,11,8,17401,1051515.0,1016120050.0,East Harlem South                                                          
686,M171,DOE,M,P.S. 171 Patrick Henry,,212-860-5801,19 East 103 St,10029,1,36,997631,227925,dpantel2@schools.nyc.gov,http://schools.nyc.gov/schoolportals/04/m171,3,7,3,04M171,40.792122,-73.951961,11,8,168,1051497.0,1016090007.0,East Harlem South                                                          
687,M173,DOE,M,P.S. 173,,212-927-7850,306 Ft Washington Ave,10033,1,72,1000806,247304,dboursi@schools.nyc.gov,http://schools.nyc.gov/schoolportals/06/m173,2,3,3,06M173,40.845469,-73.94046800000001,12,10,263,1063503.0,1021420154.0,Washington Heights South                                                   
688,M175,DOE,M,P.S. 175 Henry H Garnet,,212-283-0426,175 West 134 St,10030,1,18,1000052,235962,kpereir@schools.nyc.gov,http://schools.nyc.gov/schoolportals/05/m175,2,3,3,05M175,40.814422,-73.943664,10,9,228,1058248.0,1019190006.0,Central Harlem North-Polo Grounds                                          
689,M180,DOE,M,P.S. 180 Hugo Newman,,212-678-2849,370 West 120 St,10027,1,108,996478,233557,lflemin2@schools.nyc.gov,http://schools.nyc.gov/schoolportals/03/m180,2,3,3,03M180,40.807843,-73.955569,10,9,257,1059111.0,1019460001.0,Central Harlem South                                                       
690,M184,DOE,M,P.S. 184m Shuang Wen,,212-602-9700,327 Cherry St,10002,1,36,988196,198439,mju2@schools.nyc.gov,http://schools.nyc.gov/schoolportals/01/m184,2,3,1,01M184,40.711549,-73.986542,3,1,201,1003143.0,1002450007.0,Lower East Side                                                            
691,M185,DOE,M,P.S. 185 - The Early Childhood Discovery And Design Magnet School,,212-534-7490,20 West 112 St,10026,1,72,998288,230122,mvargas16@schools.nyc.gov,http://schools.nyc.gov/schoolportals/03/m185,3,3,3,03M185,40.798511,-73.949251,10,9,186,1051410.0,1015950015.0,Central Harlem South                                                       
692,M188,DOE,M,P.S. 188 The Island School,,212-677-5710,442 East Houston St,10002,1,36,990502,201596,srams4@schools.nyc.gov,http://schools.nyc.gov/schoolportals/01/m188,3,3,1,01M188,40.719598,-73.97790400000001,3,2,20,1004349.0,1003560100.0,Lower East Side                                                            
693,M189,DOE,M,P.S. 189,,212-927-8303,2580 Amsterdam Ave,10040,1,72,1004220,250030,ssuero@schools.nyc.gov,http://schools.nyc.gov/schoolportals/06/m189,2,3,3,06M189,40.852631,-73.927604,12,10,277,1076750.0,1021590051.0,Washington Heights North                                                   
694,M191,DOE,M,"The Museum Magnet School For Inquiry, Innovation And Imagination",,212-757-4343,210 West 61 St,10023,1,72,987709,220465,,http://schools.nyc.gov/schoolportals/03/m191,3,3,3,03M191,40.771925,-73.987328,7,6,147,1030320.0,1011520029.0,Lincoln Square                                                             
695,M192,DOE,M,P.S. 192 Jacob H Schiff,,212-281-8395,500 West 138 St,10031,1,36,997451,238317,srivera32@schools.nyc.gov,http://schools.nyc.gov/schoolportals/06/m192,3,2,3,06M192,40.820953,-73.951145,9,7,22301,1084132.0,1019880166.0,Manhattanville                                                             
696,M194,DOE,M,P.S. 194 Countee Cullen,,212-690-5954,244 West 144 St,10030,1,18,1000558,238536,jbazan@schools.nyc.gov,http://schools.nyc.gov/schoolportals/05/m194,2,3,3,05M194,40.821535,-73.94094100000001,10,9,232,1060432.0,1020290011.0,Central Harlem North-Polo Grounds                                          
697,M197,DOE,M,P.S. 197 John B Russwurm,,212-690-5960,2230 5 Ave,10037,1,36,1001532,235595,nspann@schools.nyc.gov,http://schools.nyc.gov/schoolportals/05/m197,3,2,1,05M197,40.813184,-73.937322,10,9,212,1076433.0,1017330017.0,Central Harlem North-Polo Grounds                                          
698,M198,DOE,M,P.S. 198 Isador E Ida Straus,,212-289-3702,1700 3 Ave,10128,1,46,998132,225290,nemeric@schools.nyc.gov,http://schools.nyc.gov/schoolportals/02/m198,2,3,3,02M198,40.784826,-73.949611,8,5,15801,1048492.0,1015240023.0,Upper East Side-Carnegie Hill                                              
699,M200,DOE,M,P.S. 200 - The James Mccune Smith School,,212-491-6636,2589 7 Ave,10039,1,90,1001827,239609,,http://schools.nyc.gov/schoolportals/05/m200,2,3,3,05M200,40.824495,-73.93699699999999,10,9,236,1060198.0,1020160100.0,Central Harlem North-Polo Grounds                                          
700,M210,DOE,M,P.S. / I.S. 210 - Twenty - First Century Academy For Community Leadership,,212-283-0012,501 - 503 West 152 St,10031,1,18,999569,241664,cquezada2@schools.nyc.gov,http://schools.nyc.gov/schoolportals/06/m210,2,3,3,06M210,40.829832,-73.944789,9,7,237,1087824.0,1020840129.0,Hamilton Heights                                                           
701,M212,DOE,M,P.S. 212 Midtown West,,212-247-0208,328 West 48 St,10036,1,36,987389,216710,rbourke@schools.nyc.gov,http://midtownwestschool.org,3,3,1,02M212,40.761448,-73.988019,4,3,127,1025092.0,1010380014.0,Clinton                                                                    
702,M217,DOE,M,P.S. / I.S. 217 Roosevelt Island,,212-980-0294,645 Main St,10044,1,36,998580,217620,mbeckma@schools.nyc.gov,http://schools.nyc.gov/schoolportals/02/m217,5,9,3,02M217,40.763894,-73.947916,8,5,23802,1084848.0,1013730001.0,Lenox Hill-Roosevelt Island                                                
703,M225,DOE,M,Ella Baker School,,212-717-8809,317 East 67 St,10065,1,54,995464,218123,lgarcia3@schools.nyc.gov,http://schools.nyc.gov/schoolportals/02/m225,3,3,1,02M225,40.765359000000004,-73.960059,8,5,118,1083343.0,1014420001.0,Lenox Hill-Roosevelt Island                                                
704,M242,DOE,M,P.S. 242 - The Young Diplomats Magnet Academy,,212-678-2908,134 West 122 St,10027,1,18,998487,233036,dgomez5@schools.nyc.gov,http://schools.nyc.gov/schoolportals/03/m242,2,3,1,03M242,40.8063,-73.948013,10,9,220,1057683.0,1019060011.0,Central Harlem South                                                       
705,M267,DOE,M,"East Side Elementary School, P.S. 267",,212-888-7848,213 East 63rd St,10065,1,18,994290,217558,bgendron@schools.nyc.gov,http://schools.nyc.gov/schoolportals/02/m267,2,3,3,02M267,40.763842,-73.96422199999999,8,4,110,1087680.0,1014180007.0,Lenox Hill-Roosevelt Island                                                
706,M281,DOE,M,The River School,,212-251-6640,425 East 35th St,10016,1,36,991859,210480,gfeldbe@schools.nyc.gov,http://schools.nyc.gov/schoolportals/02/m281,5,9,3,02M281,40.744279999999996,-73.97259100000001,6,4,8601,1089385.0,1009670002.0,Turtle Bay-East Midtown                                                    
707,M315,DOE,M,The East Village Community School,,212-982-0682,610 East 12 St,10009,1,36,990187,204415,jmowrey@schools.nyc.gov,http://evcsnyc.org,2,3,3,01M315,40.727892,-73.978525,3,2,28,1079053.0,1003940012.0,Lower East Side                                                            
708,M325,DOE,M,P.S. 325,,212-234-1335,500 West 138 St,10031,1,18,997417,238334,gcruz4@schools.nyc.gov,http://schools.nyc.gov/schoolportals/06/m325,2,2,3,06M325,40.820953,-73.951145,9,7,22301,1084132.0,1019880166.0,Manhattanville                                                             
709,M329,CHARTER,M,Harlem Link Charter School Pre - Kindergarten,,212-289-3249,20 West 112 St,10026,1,36,998169,230183,info@harlemlink.org,http://harlemlink.org/,5,9,3,03M329,40.798511,-73.949251,10,9,186,1051410.0,1015950015.0,Central Harlem South                                                       
710,M340,DOE,M,Sixth Avenue Elementary School,,718-935-3440,590 Sixth Ave,10011,1,72,985552,208488,ps340info@gmail.com,http://ps340.org,2,3,3,02M340,40.739178,-73.9955,5,3,54,1068261.0,1008187501.0,Hudson Yards-Chelsea-Flatiron-Union Square                                 
711,M343,DOE,M,The Peck Slip School,,212-346-5210,1 Peck Slip,10038,1,36,982765,199173,tmalave@schools.nyc.gov,http://schools.nyc.gov/schoolportals/02/m343,5,9,3,02M343,40.708766,-74.00240600000001,1,1,1501,1001363.0,1001060009.0,Battery Park City-Lower Manhattan                                          
712,M348,DOE,M,Washington Heights Expeditionary Learning School,,212-781-0524,511 West 182nd St,10033,1,36,1003333,248666,bkimmel@schools.nyc.gov,http://schools.nyc.gov/schoolportals/06/m348,3,7,3,06M348,40.848908,-73.930948,12,10,269,1063703.0,1021550035.0,Washington Heights North                                                   
713,M351,CHARTER,M,Success Academy Charter School - Harlem 1 Pre - Kindergarten,,646-277-7170,34 West 118 St,10026,1,36,998666,231764,SAH1.MainOffice@saschools.org,http://successacademies.org/schools/harlem-1/,5,9,3,03M351,40.80247,-73.94671600000001,10,9,190,1051434.0,1016010001.0,Central Harlem South                                                       
714,M361,DOE,M,The Children's Workshop School,,212-614-9531,610 East 12 St,10009,1,36,990267,204367,mvelez4@schools.nyc.gov,http://schools.nyc.gov/schoolportals/01/m361,2,3,3,01M361,40.727892,-73.978525,3,2,28,1079053.0,1003940012.0,Lower East Side                                                            
715,M363,DOE,M,Neighborhood School,<P> <Strong>Note:</strong>  Students who qualify for Free and Reduced Lunch and/or are English Language Learners will have priority for 45% of seats.</P>,212-387-0195,121 East 3 St,10009,1,18,988085,203178,dspielberg@schools.nyc.gov,http://tnsny.org,3,3,3,01M363,40.724117,-73.98638100000001,3,2,32,1005760.0,1004310014.0,East Village                                                               
717,M364,DOE,M,Earth School,<P> <Strong>Note:</strong>  Students who qualify for Free and Reduced Lunch and/or are English Language Learners will have priority for 45% of seats.</P>,212-477-1735,600 East 6 St,10009,1,36,989435,203081,afutterman2@schools.nyc.gov,http://theearthschool.org,2,3,3,01M364,40.72438,-73.98138,3,2,2601,1004627.0,1003870001.0,Lower East Side                                                            
718,MBKF,NYCEEC,M,Sunshine Lc Of 3rd Ave,,732-927-7080,2205 Third Ave,10035,1,54,1001488,230967,stuychurch@optimum.net,,5,9,3,04MBKF,40.800649,-73.93803100000001,11,8,194,1088601.0,1017857502.0,East Harlem North                                                          
719,M366,DOE,M,Washington Heights Academy,,212-304-3320,202 Sherman Ave,10034,1,54,1005984,254644,rmartin8@schools.nyc.gov,http://schools.nyc.gov/schoolportals/06/m366,2,3,3,06M366,40.8654,-73.92110100000001,12,10,293,1081910.0,1022260041.0,Marble Hill-Inwood                                                         
720,M375,DOE,M,Mosaic Preparatory Academy,,212-722-3109,141 East 111 St,10029,1,36,999640,229213,lcaesar@schools.nyc.gov,http://schools.nyc.gov/schoolportals/04/m375,2,3,3,04M375,40.79564,-73.94440999999999,11,8,172,1081346.0,1016390003.0,East Harlem South                                                          
721,M382,CHARTER,M,Dream Charter School,,212-722-0232,433 East 100 St,10029,1,36,1000576,225463,info@dreamschoolnyc.org,http://dreamschoolnyc.org/,5,9,3,04M382,40.785258,-73.941526,11,8,162,1083933.0,1016940001.0,East Harlem South                                                          
722,M397,DOE,M,Spruce Street School,,212-266-4800,12 Spruce St,10018,1,36,982696,198290,nharris2@schools.nyc.gov,http://schools.nyc.gov/schoolportals/02/m397,3,3,3,02M397,40.711313,-74.005472,1,1,1501,1087485.0,1001007502.0,Battery Park City-Lower Manhattan                                          
723,M497,DOE,M,Central Park East I,,212-860-5821,1573 Madison Ave,10029,1,18,998390,228427,luehling@schools.nyc.gov,http://schools.nyc.gov/schoolportals/04/m497,3,3,3,04M497,40.793763,-73.949381,11,8,17401,1051515.0,1016120050.0,East Harlem South                                                          
724,M513,DOE,M,Castle Bridge School,<P> <Strong>Note:</strong>  Students from families impacted by incarceration will have priority for 10% of seats and students who qualify for Free and Reduced Lunch will have priority for 60% of seats. Families impacted by incarceration should contact the school directly.</P>,212-740-4701,560 West 169 St,10032,1,18,1001271,245593,jzuckerman@schools.nyc.gov,http://schools.nyc.gov/schoolportals/06/m513,3,6,1,06M513,40.841321,-73.938506,12,10,251,1062994.0,1021250001.0,Washington Heights South                                                   
725,M517,DOE,M,Teachers College Community School,<P> <Strong>Note:</strong>  Program prioritizes students in Districts 5 and 6.</P>,212-316-8080,168 Morningside Ave,10027,1,18,997119,235303,zharris4@schools.nyc.gov,http://schools.nyc.gov/schoolportals/05/m517,2,3,3,05M517,40.81242,-73.953315,9,7,21303,1084102.0,1019670024.0,Manhattanville                                                             
726,M964,DOE,M,Central Park East II,,212-860-5992,19 East 103 St,10029,1,18,997653,227966,nsmith3@schools.nyc.gov,http://schools.nyc.gov/schoolportals/04/m964,3,3,1,04M964,40.792122,-73.951961,11,8,168,1051497.0,1016090007.0,East Harlem South                                                          
727,MAAY,NYCEEC,M,Ascension School,,212-222-5161,220 West 108 St,10025,1,54,993688,231494,omar.ortiz@archny.org,,5,9,3,3MAAY,40.802071000000005,-73.96556700000001,7,7,195,1056664.0,1018790044.0,Morningside Heights                                                        
728,MABK,NYCEEC,M,Cassidy's Place,,212-845-3821,419 East 86th St,10028,1,18,998519,222262,Plin@a-b-c.org,http://a-b-c.org,1,4,2,02MABK,40.776514,-73.948491,8,5,14402,1083281.0,1015660008.0,Yorkville                                                                  
729,MABT,NYCEEC,M,"Storefront Academy Harlem, The",,212-427-7900,70 East 129th St,10035,1,18,1001502,233529,llescouflair@storefrontacademy.org,http://storefrontacademy.org,3,3,1,05MABT,40.807947,-73.938024,11,9,206,1054214.0,1017530139.0,Central Harlem North-Polo Grounds                                          
730,MACU,NYCEEC,M,Corpus Christi,,212-662-9344,535 West 121st St,10027,1,36,995106,234772,m004@adnyeducation.org,http://ccschoolnyc.org,5,9,3,03MACU,40.810856,-73.960718,9,7,203,1059649.0,1019760006.0,Morningside Heights                                                        
731,MADL,NYCEEC,M,Good Shepherd School,,212-567-5800,620 Isham St,10034,1,36,1006162,255963,agnesgmcnamara@gmail.com,http://gsschoolnyc.org,5,9,3,06MADL,40.869198,-73.92045999999999,12,10,303,1082056.0,1022420019.0,Marble Hill-Inwood                                                         
732,MADO,NYCEEC,M,Guardian Angel,,212-989-8280,193 10th Ave,10011,1,72,982837,211367,m007@adnyeducation.org,http://guardianangelschool-nyc.org,5,9,3,02MADO,40.746718,-74.00489,4,3,99,1012312.0,1006930034.0,Hudson Yards-Chelsea-Flatiron-Union Square                                 
733,MAED,NYCEEC,M,Immaculate Conception School,,212-475-2590,419 East 13th St,10009,1,40,989155,205415,m016@adnyeducation.org,http://immaculateconceptionschoolnyc.org,5,9,3,01MAED,40.730402000000005,-73.982447,3,2,34,1079097.0,1004410010.0,East Village                                                               
734,MAEE,NYCEEC,M,Incarnation School,,212-795-1030,570 West 175th St,10033,1,108,1001948,247113,mmorales@incarnationnyc.org,http://incarnationnyc.org,2,3,1,06MAEE,40.845123,-73.935864,12,10,261,1063153.0,1021310012.0,Washington Heights South                                                   
735,MAFQ,NYCEEC,M,Our Lady Queen Of Martyrs School,,212-567-3190,71 Arden St,10040,1,54,1004154,253977,m035@adnyeducation.org,http://olqmnyc.org,5,9,3,06MAFQ,40.863192,-73.927925,12,10,287,1064245.0,1021750136.0,Washington Heights North                                                   
736,MAFV,NYCEEC,M,Yeshiva Rabbi Samson Raphael Hirsch,,212-568-6200,85 - 93 Bennett Ave,10033,3,35,1002207,250051,splotzker@yrsrh.org,,5,9,3,06MAFV,40.852962,-73.935386,12,10,271,1081887.0,1021800135.0,Washington Heights North                                                   
737,MAGN,NYCEEC,M,St. Ann School,,212-722-1295,314 East 110th St,10029,1,54,1000920,228073,hamueller@stannschoolnyc.org,http://stannschoolnyc.org,3,3,1,04MAGN,40.792929,-73.939977,11,8,180,1081359.0,1016810011.0,East Harlem North                                                          
738,MAGR,NYCEEC,M,St. Brigid School,,212-677-5210,185 East 7th St,10009,1,40,989603,203419,Admissions@stbrigidschoolny.com,http://stbrigidschoolny.com,3,3,1,01MAGR,40.724849,-73.980659,3,2,2602,1004703.0,1003900001.0,Lower East Side                                                            
739,MAGT,NYCEEC,M,St. Charles Borromeo,,212-368-6666,214 West 142nd St,10030,1,90,1000421,238025,stbenedictsecacademyscb@gmail.com,http://stcharlesschoolcentral.org,2,2,1,05MAGT,40.820040000000006,-73.941253,10,9,230,1060426.0,1020270041.0,Central Harlem North-Polo Grounds                                          
740,MAGZ,NYCEEC,M,St. Gregory The Great School,,212-362-5410,138 West 90th St,10024,1,36,991922,226986,mrodriguez@stgregorymanhattan.org,http://stgregorymanhattan.org,2,6,1,03MAGZ,40.789804,-73.972124,7,6,173,1032440.0,1012200053.0,Upper West Side                                                            
741,MAHP,NYCEEC,M,St. Paul School,,212-534-0619,114 East 118th St,10035,5,72,1000441,230785,samarie@stpaulschool.us,http://stpaulschool.us,5,4,1,04MAHP,40.800225,-73.941386,11,8,182,1052335.0,1016450007.0,East Harlem North                                                          
742,MAHQ,NYCEEC,M,St. Rose Of Lima School,,212-927-1619,517 West 164th St,10032,1,36,1000946,244493,m099@adnyeducation.org,http://stroseoflimanyc.org,5,9,3,06MAHQ,40.837528000000006,-73.939525,12,7,24301,1081859.0,1021210020.0,Washington Heights South                                                   
743,MALF,NYCEEC,M,Prince Hall Colonial Park DCC,<p><strong>Alert</strong>: Program may have income or other eligibility requirements. Contact for more information.</p>,212-281-1444,159 - 30 Harlem Riv Dr,10039,1,11,1001937,242787,darren.m.morton@gmail.com,,5,9,3,05MALF,40.833115,-73.935445,10,9,24302,1084184.0,1021060320.0,Central Harlem North-Polo Grounds                                          
744,MAMQ,NYCEEC,M,Lenox Hill Neighborhood House,,212-218-0406,331 East 70th St,10021,1,80,995962,218726,wjimenez@lenoxhill.org,http://lenoxhill.org,3,3,1,02MAMQ,40.766925,-73.95795,8,5,126,1044838.0,1014450014.0,Lenox Hill-Roosevelt Island                                                
745,MAMZ,NYCEEC,M,Manhattan Nursery School,,212-631-0543,38 West 32nd St Suite 306,10001,1,16,987731,211724,contact@manhattannurseryschool.com,http://manhattannurseryschool.com,7,1,1,02MAMZ,40.747889,-73.98725300000001,5,4,76,1015806.0,1008330018.0,Midtown-Midtown South                                                      
746,MANH,NYCEEC,M,Imagine ELC @ East 97th Street,,212-410-2077,60 - 62 East 97th St,10029,1,16,997285,226159,sinaikidsinfo@imagineelc.com,http://imagineelc.com,5,6,1,02MANH,40.787566999999996,-73.952888,11,4,16002,1051451.0,1016020044.0,East Harlem South                                                          
747,MANJ,NYCEEC,M,Ivy League Early Learning Academy,,212-683-5545,776 Ave Of The Americas,10001,1,36,986761,210694,manhattan@ivyleagueearlylearning.com,http://ivyleagueearlylearning.com,5,9,3,02MANJ,40.744890000000005,-73.991342,5,3,58,1015632.0,1008280001.0,Hudson Yards-Chelsea-Flatiron-Union Square                                 
748,MANK,NYCEEC,M,"Urban Concepts Of NY - Round The Clock Nursery, Inc.",,212-694-0615,301 West 130th St,10027,1,20,998331,235703,rcnursery1@yahoo.com,http://roundtheclocknursery.org,2,7,1,05MANK,40.813441999999995,-73.94897900000001,10,9,215,1084087.0,1019580001.0,Central Harlem North-Polo Grounds                                          
749,MANM,NYCEEC,M,West Harlem Earlylearn,<p><strong>Alert</strong>: Program may have income or other eligibility requirements. Contact for more information.</p>,212-665-7586,121 West 128th St,10027,1,69,999464,234496,mrwhhs@aol.com,http://westharlemelnyc.com,3,4,1,05MANM,40.810056,-73.944921,10,9,224,1057938.0,1019130020.0,Central Harlem North-Polo Grounds                                          
750,MANY,NYCEEC,M,YM & YWHA Of Washington Heights And Inwood,,212-569-6200,54 Nagle Ave,10040,3,66,1003763,252645,jgoldenbach@ywashhts.org,,5,9,3,06MANY,40.859992999999996,-73.929129,12,10,285,1064146.0,1021720064.0,Washington Heights North                                                   
751,MAOM,NYCEEC,M,Children's Aid Society Drew Hamilton ECC,<p><strong>Alert</strong>: Program may have income or other eligibility requirements. Contact for more information.</p>,212-281-9555,2672 Frederick Douglass Blvd,10030,1,49,1000111,238365,jadolphus@childrensaidsociety.org,http://childrensaidsociety.org,3,7,1,05MAOM,40.820987,-73.94326099999999,10,9,232,1060427.0,1020280001.0,Central Harlem North-Polo Grounds                                          
752,MAON,NYCEEC,M,Union Johnson Early Childhood Programs,<p><strong>Alert</strong>: Program may have income or other eligibility requirements. Contact for more information.</p>,212-828-6028,1829 Lexington Ave,10029,1,38,1000124,229505,trankins@unionsettlement.org,http://unionsettlement.org,3,7,1,04MAON,40.796762,-73.94296800000001,11,8,182,1087213.0,1016400021.0,East Harlem North                                                          
753,MAOZ,NYCEEC,M,Educational Alliance - Lillian Wald,,646-395-4218,34 Ave D,10009,3,20,990494,201989,maribel_oconnell@edalliance.org,http://edalliance.org,3,7,1,01MAOZ,40.721351,-73.977723,3,2,20,1078048.0,1003560001.0,Lower East Side                                                            
754,MAPD,NYCEEC,M,ESS Morningside,<p><strong>Alert</strong>: Program may have income or other eligibility requirements. Contact for more information.</p>,212-281-4142,2967 Frederick Douglas Blvd,10039,1,16,1001586,242065,checkod@e-s-s.org,,3,7,2,05MAPD,40.830283,-73.93646700000001,10,9,24302,1084520.0,1021060003.0,Central Harlem North-Polo Grounds                                          
755,MAPH,NYCEEC,M,East Harlem Block Nursery 1,<p><strong>Alert</strong>: Program may have income or other eligibility requirements. Contact for more information.</p>,212-427-2571,215 East 106th St,10029,1,17,999773,227649,cviruet@ehbn.org,,3,6,1,04MAPH,40.791312,-73.944041,11,8,170,1080690.0,1016560001.0,East Harlem South                                                          
756,MAPL,NYCEEC,M,Battery Park City Day Nursery,,212-945-0088,215 South End Ave,10280,1,35,979573,197802,info@bpcdaynursery.com,,5,9,3,2MAPL,40.709523,-74.01667900000001,1,1,31704,1000055.0,1000167518.0,Battery Park City-Lower Manhattan                                          
757,MAPM,NYCEEC,M,Hamilton Madison House Earlylearn Center 2,<p><strong>Alert</strong>: Program may have income or other eligibility requirements. Contact for more information.</p>,212-962-3408,60 Catherine St,10038,1,21,984993,198569,helenfung@hmhonline.org,http://hmhonline.org,3,7,2,02MAPM,40.711566,-73.99684,3,1,25,1077421.0,1001110100.0,Chinatown                                                                  
758,MAPW,NYCEEC,M,Leggett Memorial,<p><strong>Alert</strong>: Program may have income or other eligibility requirements. Contact for more information.</p>,212-828-6051,237 East 104th St,10029,1,35,999755,227071,ieatman@unionsettlement.org,http://unionsettlement.org,3,3,1,04MAPW,40.789687,-73.94426700000001,11,8,170,1080671.0,1016540011.0,East Harlem South                                                          
759,MAPY,NYCEEC,M,Grand St. Settlement Dual Center #1,<p><strong>Alert</strong>: Program may have income or other eligibility requirements. Contact for more information.</p>,212-677-6990,60 Essex St,10002,1,37,987367,200459,jliu@grandsettlement.org,http://grandsettlement.org,3,7,1,02MAPY,40.717011,-73.988987,3,1,18,1083429.0,1003510001.0,Chinatown                                                                  
760,MAQA,NYCEEC,M,Virginia Day Nursery,<p><strong>Alert</strong>: Program may have income or other eligibility requirements. Contact for more information.</p>,212-228-5220,464 East 10th St,10009,1,12,991269,203061,virginiaday@e-s-s.org,,3,7,1,01MAQA,40.724601,-73.97454,3,2,24,1077538.0,1003620010.0,Lower East Side                                                            
761,MAQG,NYCEEC,M,Gramercy School,,212-420-0510,460 West 34th St 2nd Floor,10001,1,6,984548,214046,donna.savino@yai.org,,3,2,2,02MAQG,40.754329,-73.99857800000001,4,3,103,1012843.0,1007310001.0,Hudson Yards-Chelsea-Flatiron-Union Square                                 
762,MAQH,NYCEEC,M,Goddard Riverside Preschool @ W83rd 2,<p><strong>Alert</strong>: Program may have income or other eligibility requirements. Contact for more information.</p>,212-877-7780,128 West 83rd St,10024,1,17,991209,225238,mplace@goddard.org,http://goddardriverside.org,3,8,1,03MAQH,40.784949,-73.97459599999999,7,6,169,1032080.0,1012130042.0,Upper West Side                                                            
763,MAQI,NYCEEC,M,Child Center Of NY,<p><strong>Alert</strong>: Program may have income or other eligibility requirements. Contact for more information.</p>,212-799-2440,169 West 87th St,10024,1,25,991571,226415,patriciamachado@childcenterny.org,http://childcenterny.org,3,6,1,03MAQI,40.787929999999996,-73.973483,7,6,173,1032229.0,1012180010.0,Upper West Side                                                            
764,MAQL,NYCEEC,M,Goddard Riverside DCC @ West 84th St. 3,<p><strong>Alert</strong>: Program may have income or other eligibility requirements. Contact for more information.</p>,212-799-2369,26 West 84th St,10024,1,19,992097,225040,cchiarelli@goddard.org,http://goddard.org,3,4,1,03MAQL,40.784358000000005,-73.97122399999999,7,6,169,1081040.0,1011970046.0,Upper West Side                                                            
765,MAQM,NYCEEC,M,Dawning Village Too,,212-369-5313,2211 First Ave,10029,1,18,1001671,228791,dawningvillage@yahoo.com,http://dawningvillage.org,2,7,1,04MAQM,40.794511,-73.936509,11,8,180,1081091.0,1016840001.0,East Harlem North                                                          
766,MAQR,NYCEEC,M,"Rena Child Care Centers, Inc.",<p><strong>Alert</strong>: Program may have income or other eligibility requirements. Contact for more information.</p>,212-795-4444,639 Edgecombe Ave,10032,1,87,1001756,244508,Renaearlylearn@yahoo.com,,3,8,1,06MAQR,40.837754,-73.936438,12,10,249,1062652.0,1021110058.0,Washington Heights South                                                   
767,MAQT,NYCEEC,M,Union Carver Early Childhood Program,<p><strong>Alert</strong>: Program may have income or other eligibility requirements. Contact for more information.</p>,212-828-6079,1565 Madison Ave,10029,1,38,998272,228245,adonadelle@unionsettlement.org,http://unionsettlement.org,3,7,1,04MAQT,40.793315,-73.94971,11,8,168,1078840.0,1016100023.0,East Harlem South                                                          
768,MARB,NYCEEC,M,LSSMNY : Early Life Children's Center 11,<p><strong>Alert</strong>: Program may have income or other eligibility requirements. Contact for more information.</p>,646-478-7949,110 West 146th St,10039,1,38,1001832,238481,emason@lssny.org,http://lssny.org,3,7,2,05MARB,40.821357,-73.936353,10,9,232,1060189.0,1020140036.0,Central Harlem North-Polo Grounds                                          
769,MARD,NYCEEC,M,Grant DCC,<p><strong>Alert</strong>: Program may have income or other eligibility requirements. Contact for more information.</p>,212-666-6000,1299 Amsterdam Ave,10027,1,25,996361,235041,wmoore@ehbn.org,http://eastharlemblocknursery.org,3,7,1,05MARD,40.811919,-73.957318,9,7,20901,1084095.0,1019640001.0,Morningside Heights                                                        
770,MARH,NYCEEC,M,LSSMNY : Early Life Children's Center 13,<p><strong>Alert</strong>: Program may have income or other eligibility requirements. Contact for more information.</p>,646-360-4093,218 West 147th St,10039,1,89,1000966,239259,jfort@lssny.org,http://early-life.org,3,7,2,05MARH,40.82331,-73.939043,10,9,234,1060503.0,1020320017.0,Central Harlem North-Polo Grounds                                          
771,MARJ,NYCEEC,M,Graham Windham DCC,<p><strong>Alert</strong>: Program may have income or other eligibility requirements. Contact for more information.</p>,212-491-8501,669 Lenox Ave,10037,1,34,1001612,237905,ruchkinan@e-s-s.org,,5,9,3,05MARJ,40.819390000000006,-73.937012,10,9,232,1085366.0,1020120025.0,Central Harlem North-Polo Grounds                                          
772,MASA,NYCEEC,M,Addie Mae Collins 3,<p><strong>Alert</strong>: Program may have income or other eligibility requirements. Contact for more information.</p>,212-831-3144,2322 Third Ave,10035,1,54,1002112,232470,lissettethrower@gmail.com,http://addiemaecollins.org,3,8,1,05MASA,40.804468,-73.93526700000001,11,9,242,1054497.0,1017750033.0,East Harlem North                                                          
773,MASH,NYCEEC,M,Friends Of Crown Heights DCC #28,<p><strong>Alert</strong>: Program may have income or other eligibility requirements. Contact for more information.</p>,212-567-5655,3732 10th Ave,10034,1,20,1005683,252665,foch28@fochdaycare.org,http://fochdaycare.org,3,8,1,06MASH,40.859898,-73.922264,12,10,299,1080030.0,1022160001.0,Marble Hill-Inwood                                                         
774,MASJ,NYCEEC,M,Children's Aid Society Milbank Early Childhood Program,<p><strong>Alert</strong>: Program may have income or other eligibility requirements. Contact for more information.</p>,212-996-1716,14 - 32 West 118th St,10026,1,7,999028,231563,lillianaj@childrensaidsociety.org,http://childrensaidsociety.org,3,4,2,03MASJ,40.802278,-73.94625699999999,10,9,190,1051435.0,1016010018.0,Central Harlem South                                                       
775,MASK,NYCEEC,M,East Harlem Center,<p><strong>Alert</strong>: Program may have income or other eligibility requirements. Contact for more information.</p>,212-348-2343,130 East 101st St,10029,1,24,998287,226796,jessican@childrensaidsociety.org,http://childrensaidsociety.org,3,3,1,04MASK,40.789308,-73.949225,11,8,166,1051816.0,1016280062.0,East Harlem South                                                          
776,MASL,NYCEEC,M,Hudson Guild Children's Center I,,212-760-9830,441 West 26th St,10001,1,20,983806,212366,esiegel@hudsonguild.org,http://hudsonguild.org,3,7,2,02MASL,40.749196000000005,-74.00181500000001,4,3,97,1012827.0,1007240010.0,Hudson Yards-Chelsea-Flatiron-Union Square                                 
777,MBAG,NYCEEC,M,Milestones Uws,,917-273-0776,319 West 74 St,10023,1,8,988525,224085,debbie@milestonesuws.com,,5,9,3,03MBAG,40.78132,-73.983953,7,6,163,1030999.0,1011840066.0,Upper West Side                                                            
778,MASN,NYCEEC,M,Community Life Center 1,<p><strong>Alert</strong>: Program may have income or other eligibility requirements. Contact for more information.</p>,212-427-6800,221 East 122 St,10035,1,78,1001880,231331,nic_1999@msn.com,http://communitylifeline.org,3,6,2,04MASN,40.801499,-73.93656700000001,11,8,194,1054627.0,1017870060.0,East Harlem North                                                          
779,MASP,NYCEEC,M,Goddard Riverside Head Start Center @ W 95th St. 4,<p><strong>Alert</strong>: Program may have income or other eligibility requirements. Contact for more information.</p>,212-873-6865,70 West 95th St,10025,1,16,993216,227730,mplace@goddard.org,http://goddard.org,2,7,2,03MASP,40.791754,-73.967013,7,6,181,1079519.0,1012080001.0,Upper West Side                                                            
780,MASU,NYCEEC,M,Hamilton Madison House Earlylearn Center 5,<p><strong>Alert</strong>: Program may have income or other eligibility requirements. Contact for more information.</p>,212-962-3408,253 South St,10002,1,13,986866,198046,helenfung@hmhonline.org,http://hmhonline.org,3,7,2,01MASU,40.710001,-73.990553,3,1,6,1085945.0,1002480015.0,Lower East Side                                                            
781,MASV,NYCEEC,M,Scan Laguardia House Nursery,<p><strong>Alert</strong>: Program may have income or other eligibility requirements. Contact for more information.</p>,212-722-7441,414 - 416 East 105th St,10029,1,19,1000822,226583,gdirectress@aol.com,,3,7,2,04MASV,40.788689,-73.939959,11,8,162,1083946.0,1016960001.0,East Harlem South                                                          
782,MASX,NYCEEC,M,Pequenos Souls DCC,<p><strong>Alert</strong>: Program may have income or other eligibility requirements. Contact for more information.</p>,212-427-7644,114 East 122nd St,10035,1,37,1000957,231682,apegues@unionsettlement.org,http://unionsettlement.org,3,6,1,04MASX,40.802802,-73.939701,11,9,196,1054408.0,1017700159.0,East Harlem North                                                          
783,MATA,NYCEEC,M,Henry Street Settlement Family School,<p><strong>Alert</strong>: Program may have income or other eligibility requirements. Contact for more information.</p>,212-614-0537,110 - 120 Baruch Dr,10002,1,7,990621,201149,skwok@henrystreet.org,http://henrystreet.org,3,2,1,01MATA,40.718773999999996,-73.977424,3,2,1002,1078034.0,1003230001.0,Lower East Side                                                            
784,MATB,NYCEEC,M,Children's Aid Society Taft ECC,<p><strong>Alert</strong>: Program may have income or other eligibility requirements. Contact for more information.</p>,212-831-0556,1724 - 26 Madison Ave,10029,1,23,999123,230185,beverlyl@childrensaidsociety.org,http://childrensaidsociety.org,3,2,1,04MATB,40.798496,-73.94595,11,9,184,1080504.0,1016180001.0,East Harlem North                                                          
785,MATI,NYCEEC,M,LSSMNY : Early Life Children's Center 12,<p><strong>Alert</strong>: Program may have income or other eligibility requirements. Contact for more information.</p>,212-933-1815,1951 Park Ave,10037,1,41,1001924,234193,rbrightman@lssny.org,http://early-life.org,5,9,3,05MATI,40.809206,-73.93600699999999,11,9,242,1054513.0,1017807501.0,East Harlem North                                                          
786,MATK,NYCEEC,M,Bank Street Head Start,,212-353-2532,535 East 5th St,10009,1,40,989069,203159,eatkinson@bankstreet.edu,http://bankstreet.edu/innovation-policy-and-research/head-start/,3,6,1,01MATK,40.724484000000004,-73.983487,3,2,32,1087322.0,1004010046.0,East Village                                                               
787,MATL,NYCEEC,M,"Chinatown DCC, Inc.",,212-431-3845,35 Division St,10002,1,60,985424,199410,chinatown_day_care@verizon.net,,7,7,1,02MATL,40.714143,-73.99578699999999,3,1,8,1003514.0,1002810046.0,Chinatown                                                                  
788,MATM,NYCEEC,M,Chinese Community Concerns Corp.,,212-226-5000,180 Mott St,10012,3,36,985448,201798,chinaheadstart@aol.com,,8,7,2,02MATM,40.7205,-73.99589499999999,2,1,41,1007156.0,1004790001.0,SoHo-TriBeCa-Civic Center-Little Italy                                     
789,MATO,NYCEEC,M,Dewitt Reformed Church Head Start,<p><strong>Alert</strong>: Program may have income or other eligibility requirements. Contact for more information.</p>,212-254-3070,280 Rivington St,10002,1,40,989929,200699,mybln@yahoo.com,,3,6,1,01MATO,40.717468,-73.979726,3,2,1002,1004060.0,1003230073.0,Lower East Side                                                            
790,MATP,NYCEEC,M,LSSMNY : Early Life Childrens Center 14,<p><strong>Alert</strong>: Program may have income or other eligibility requirements. Contact for more information.</p>,646-449-0814,510 - 16 West 145th St,10031,1,49,998451,240013,,,3,8,1,06MATP,40.82548,-73.948215,9,7,229,1061917.0,1020760041.0,Hamilton Heights                                                           
791,MATQ,NYCEEC,M,Escuela Hispana Montessori 2,<p><strong>Alert</strong>: Program may have income or other eligibility requirements. Contact for more information.</p>,212-982-6650,180 Suffolk St,10002,1,29,988477,202038,blancaescuela180@gmail.com,,3,7,1,01MATQ,40.721067,-73.98501,3,2,3001,1004240.0,1003500008.0,Chinatown                                                                  
792,MATU,NYCEEC,M,Grand St. Settlement Head Start Center,<p><strong>Alert</strong>: Program may have income or other eligibility requirements. Contact for more information.</p>,212-777-0656,294 Delancey St,10002,1,39,989985,200326,mrosa@grandsettlement.org,http://grandsettlement.org,3,7,1,01MATU,40.715824,-73.979547,3,2,1002,1078038.0,1003230001.0,Lower East Side                                                            
793,MAUA,NYCEEC,M,Education Alliance - East Broadway,<p><strong>Alert</strong>: Program may have income or other eligibility requirements. Contact for more information.</p>,646-395-4218,197 East Broadway,10002,1,76,987466,199403,maribel_o'connell@edalliance.org,http://edalliance.org,3,1,1,02MAUA,40.714219,-73.988219,3,1,6,1003704.0,1002850029.0,Lower East Side                                                            
794,MAUB,NYCEEC,M,University Settlement ECC,<p><strong>Alert</strong>: Program may have income or other eligibility requirements. Contact for more information.</p>,212-453-4584,184 Eldridge St,10002,1,79,986871,201792,aleong@universitysettlement.org,http://universitysettlement.org,3,2,2,01MAUB,40.720653000000006,-73.990674,3,1,18,1005483.0,1004150018.0,Chinatown                                                                  
795,MAUC,NYCEEC,M,Grand St. Settlement,<p><strong>Alert</strong>: Program may have income or other eligibility requirements. Contact for more information.</p>,212-228-8240,300 Delancey St,10002,1,21,990176,200359,jelsayed@grandsettlement.org,http://grandsettlement.org,3,7,1,01MAUC,40.715758,-73.979334,3,2,1002,1078037.0,1003230001.0,Lower East Side                                                            
796,MAUE,NYCEEC,M,Cpc Jacob Riis CCC,<p><strong>Alert</strong>: Program may have income or other eligibility requirements. Contact for more information.</p>,212-533-9138,108 Ave D,10009,1,8,990973,202812,lshi@cpc-nyc.org,,5,9,3,01MAUE,40.723492,-73.976164,3,2,24,1077507.0,1003620001.0,Lower East Side                                                            
797,MAUH,NYCEEC,M,Bellevue - Educare Childcare Center,<p><strong>Alert</strong>: Program may have income or other eligibility requirements. Contact for more information.</p>,212-679-2393,462 First Ave,10016,1,8,990893,208696,registrar@bellevue-educare.org,http://bellevue-educare.org,3,8,1,02MAUH,40.739173,-73.976862,6,4,62,1086515.0,1009620100.0,Murray Hill-Kips Bay                                                       
798,MAUJ,NYCEEC,M,Children's Aid At P.S. 50,<p><strong>Alert</strong>: Program may have income or other eligibility requirements. Contact for more information.</p>,646-627-7448,433 East 100th St,10029,1,49,1000605,225535,tmoore@childrensaidsociety.org,http://childrensaidsociety.org,3,7,1,04MAUJ,40.785258,-73.941526,11,8,162,1083933.0,1016940001.0,East Harlem South                                                          
799,MAUK,NYCEEC,M,Children's Aid Society,<p><strong>Alert</strong>: Program may have income or other eligibility requirements. Contact for more information.</p>,212-544-0221,93 Nagle Ave,10040,1,59,1004166,252638,clarissam@childrensaidsociety.org,http://childrensaidsociety.org,3,3,1,06MAUK,40.860412,-73.927936,12,10,283,1064149.0,1021730001.0,Washington Heights North                                                   
800,MAUL,NYCEEC,M,BMCC ECC,,212-220-8251,199 Chambers St,10013,3,20,980877,200632,cscottcroff@bmcc.cuny.edu,http://bmcc.cuny.ed,3,3,1,02MAUL,40.716838,-74.012117,1,1,39,1066406.0,1001420050.0,SoHo-TriBeCa-Civic Center-Little Italy                                     
801,MAUM,NYCEEC,M,Chung Pak DCC,<p><strong>Alert</strong>: Program may have income or other eligibility requirements. Contact for more information.</p>,212-343-9630,"125 Walker St, 3rd Floor",10013,1,18,984303,200605,dschen@cpc-nyc.org,http://cpc.org,3,6,1,02MAUM,40.717451000000004,-73.99982,1,1,29,1084583.0,1001980126.0,Chinatown                                                                  
802,MAUN,NYCEEC,M,Eisman Day Nursery,<p><strong>Alert</strong>: Program may have income or other eligibility requirements. Contact for more information.</p>,212-876-9200,1794 First Ave,10128,1,39,999233,223841,Eisman1@live.com,,3,7,1,02MAUN,40.781201,-73.946206,8,5,152,1076333.0,1015730020.0,Yorkville                                                                  
803,MAUP,NYCEEC,M,Hudson Guild Children's Center,<p><strong>Alert</strong>: Program may have income or other eligibility requirements. Contact for more information.</p>,212-760-9830,459 West 26th St,10001,1,37,983594,212372,esiegel@hudsonguild.org,http://hudsonguild.org,3,7,1,02MAUP,40.74938,-74.002252,4,3,97,1083583.0,1007240001.0,Hudson Yards-Chelsea-Flatiron-Union Square                                 
804,MAUQ,NYCEEC,M,Lighthouse CDC,,212-821-9600,111 East 59th St,10022,1,24,992832,217190,shenj@lighthouseguild.org,http://lighthouseguild.org,5,3,1,02MAUQ,40.762661,-73.969179,8,4,11402,1041901.0,1013940005.0,Upper East Side-Carnegie Hill                                              
805,MAUR,NYCEEC,M,Educational Alliance - P.S. 15,,646-395-4218,333 East 4th St,10009,3,20,990161,202261,maribel_oconnell@edalliance.org,http://edalliance.org,3,7,1,01MAUR,40.721807,-73.979022,3,2,2601,1004415.0,1003740020.0,Lower East Side                                                            
806,MAUT,NYCEEC,M,YWCA - NYC Polly Dodge ELC,<p><strong>Alert</strong>: Program may have income or other eligibility requirements. Contact for more information.</p>,212-757-2047,538 West 55th St,10019,1,20,986567,219268,aconteh@ywcanyc.org,http://ywcanyc.org,3,7,1,02MAUT,40.768547,-73.99127800000001,4,6,135,1086807.0,1010830001.0,Clinton                                                                    
807,MAUU,NYCEEC,M,Garment Industry DCC,<p><strong>Alert</strong>: Program may have income or other eligibility requirements. Contact for more information.</p>,212-219-2286,115 Chrystie St,10002,1,18,985945,201108,kwong2@cpc-nyc.org,http://cpc-nyc.org,2,7,1,02MAUU,40.718647,-73.993586,3,1,18,1005645.0,1004230022.0,Chinatown                                                                  
808,MAUW,NYCEEC,M,Hamilton Madison House Earlylearn Center 4,<p><strong>Alert</strong>: Program may have income or other eligibility requirements. Contact for more information.</p>,212-962-3408,77 Market St,10002,1,18,985811,198204,helenfung@hmhonline.org,http://hmhonline.org,3,6,2,02MAUW,40.710781,-73.994178,3,1,8,1077591.0,1002530001.0,Chinatown                                                                  
809,MAUY,NYCEEC,M,Hamilton Madison House Earlylearn Center 6,<p><strong>Alert</strong>: Program may have income or other eligibility requirements. Contact for more information.</p>,212-962-3408,129 Fulton St,10038,1,14,982184,198044,helenfung@hmhonline.org,http://hmhonline.org,3,6,2,02MAUY,40.710105,-74.00749499999999,1,1,1501,1001267.0,1000910013.0,Battery Park City-Lower Manhattan                                          
810,MAUZ,NYCEEC,M,Bloomingdale Family Program 1,<p><strong>Alert</strong>: Program may have income or other eligibility requirements. Contact for more information.</p>,212-663-4067,125 West 109th St,10025,1,19,994554,231443,treyes@bloomingdalefamilyprogram.org,http://bloomingdalefamilyprogram.org,3,8,2,03MAUZ,40.801565000000004,-73.962367,7,7,193,1079468.0,1018640009.0,Morningside Heights                                                        
811,MAVA,NYCEEC,M,Bloomingdale Family Program 2,<p><strong>Alert</strong>: Program may have income or other eligibility requirements. Contact for more information.</p>,212-663-4067,171 West 107th St,10025,1,18,994059,231104,Jfvelilla@msn.com,,5,9,3,03MAVA,40.800701000000004,-73.964217,7,7,193,1055986.0,1018627501.0,Morningside Heights                                                        
812,MAVB,NYCEEC,M,Bloomingdale Family Program III,<p><strong>Alert</strong>: Program may have income or other eligibility requirements. Contact for more information.</p>,212-663-4067,987 Columbus Ave,10025,1,49,994915,231007,jsantiago@bloomingdalefamilyprogram.org,http://bloomingdalefamilyprogram.org,3,7,2,03MAVB,40.80083,-73.96169599999999,7,7,193,1055711.0,1018440001.0,Morningside Heights                                                        
813,MAVG,NYCEEC,M,Harlem Gems @ P.S. 149,,212-876-0633,41 West 117th St,10026,1,40,998665,231609,sbrown@hcz.org,http://hcz.org,3,8,1,03MAVG,40.802136,-73.947828,10,9,190,1051434.0,1016010001.0,Central Harlem South                                                       
814,MAVK,NYCEEC,M,Children's Aid Society Frederick Douglass Ecp,<p><strong>Alert</strong>: Program may have income or other eligibility requirements. Contact for more information.</p>,212-865-6337,885 Columbus Ave,10025,1,38,994301,229836,marissab@childrensaidsociety.org,http://childrensaidsociety.org,2,1,1,03MAVK,40.797762,-73.963944,7,7,189,1081301.0,1018360001.0,Upper West Side                                                            
815,MAVM,NYCEEC,M,Citizens Care DCC 1,<p><strong>Alert</strong>: Program may have income or other eligibility requirements. Contact for more information.</p>,212-666-1683,131 Saint Nicholas Ave,10026,1,14,997234,232224,skyetroy@gmail.com,,3,4,1,03MAVM,40.803994,-73.952721,10,9,218,1058378.0,1019220041.0,Central Harlem South                                                       
816,MAVN,NYCEEC,M,Open Door CCC,<p><strong>Alert</strong>: Program may have income or other eligibility requirements. Contact for more information.</p>,212-749-5572,820 Columbus Ave,10025,1,27,993659,229287,opendoorccc@aol.com,http://opendoor.org,3,7,1,03MAVN,40.795506,-73.965603,7,7,189,1079347.0,1018550001.0,Upper West Side                                                            
817,MAVO,NYCEEC,M,Harlem Children's Zone Head Start,<p><strong>Alert</strong>: Program may have income or other eligibility requirements. Contact for more information.</p>,212-369-3577,60 West 117th St,10026,1,30,998571,231514,odeas@hcz.org,http://harlemchildrenszone.org,3,2,1,03MAVO,40.802263,-73.948172,10,9,190,1085936.0,1016007501.0,Central Harlem South                                                       
818,MAVQ,NYCEEC,M,Mabel Barrett Fitzgerald DCC,<p><strong>Alert</strong>: Program may have income or other eligibility requirements. Contact for more information.</p>,212-874-0860,243 West 64th St,10023,1,20,987913,221443,lorin.jones@lsncny.org,,3,7,1,03MAVQ,40.774214,-73.986937,7,6,151,1030340.0,1011560020.0,Lincoln Square                                                             
819,MAVR,NYCEEC,M,East Calvary DCC,<p><strong>Alert</strong>: Program may have income or other eligibility requirements. Contact for more information.</p>,212-534-5249,1 West 112th St,10026,1,27,998516,230204,eastcalvarynursery@yahoo.com,http://eastcalvarydaycare.org,3,7,1,03MAVR,40.798159000000005,-73.948363,10,9,186,1083309.0,1015960001.0,Central Harlem South                                                       
820,MAVS,NYCEEC,M,"Boys & Girls Harbor, Inc.",<p><strong>Alert</strong>: Program may have income or other eligibility requirements. Contact for more information.</p>,212-427-2244,1 East 104th St,10029,1,133,997614,228199,cmcfadden@theharbor.org,http://theharbor.org,3,4,1,04MAVS,40.792888,-73.951826,11,8,168,1051499.0,1016100001.0,East Harlem South                                                          
821,MAVX,NYCEEC,M,Franklin Plaza,<p><strong>Alert</strong>: Program may have income or other eligibility requirements. Contact for more information.</p>,212-828-6413,2081 Second Ave,10029,1,33,1000287,227699,mpaige@unionsettlement.org,http://unionsettlement.org,3,7,1,04MAVX,40.791371000000005,-73.941907,11,8,170,1080693.0,1016560001.0,East Harlem South                                                          
822,MAVY,NYCEEC,M,Metro North Childcare Center,<p><strong>Alert</strong>: Program may have income or other eligibility requirements. Contact for more information.</p>,212-828-6413,304 East 102nd St,10029,1,19,999828,226237,mpompee@unionsettlement.org,http://unionsettlement.org,3,7,1,04MAVY,40.787977000000005,-73.944153,11,8,164,1079341.0,1016730006.0,East Harlem South                                                          
823,MAWA,NYCEEC,M,Union Washington CCC,<p><strong>Alert</strong>: Program may have income or other eligibility requirements. Contact for more information.</p>,212-828-6089,1893 2nd Ave,10029,1,33,998948,225543,oagboola@unionsettlement.org,http://unionsettlement.org,3,7,1,04MAWA,40.785154,-73.946448,11,8,15602,1082343.0,1016470001.0,East Harlem South                                                          
824,MAWD,NYCEEC,M,Addie Mae Collins 2,<p><strong>Alert</strong>: Program may have income or other eligibility requirements. Contact for more information.</p>,212-831-7373,345 East 101st St,10029,1,11,1000093,225928,DorisJSmith345@gmail.com,http://addiemaecollins.org,3,8,1,04MAWD,40.787019,-73.943742,11,8,164,1079340.0,1016730006.0,East Harlem South                                                          
826,MAWG,NYCEEC,M,East Harlem Chs Bilingual Head Start Program,<p><strong>Alert</strong>: Program may have income or other eligibility requirements. Contact for more information.</p>,212-427-9010,440 East 116th St,10029,1,100,1002503,229000,Escuelita116@aol.con,,3,3,2,04MAWG,40.79549,-73.934214,11,8,178,1081443.0,1017090016.0,East Harlem North                                                          
827,MAWH,NYCEEC,M,East Harlem Chs Bilingual Head Start - 111th,<p><strong>Alert</strong>: Program may have income or other eligibility requirements. Contact for more information.</p>,212-860-7201,30 East 111th St,10029,1,49,998789,229562,Escuelita116@aol.com,,3,2,2,04MAWH,40.797069,-73.94783199999999,11,9,17402,1085254.0,1016160001.0,East Harlem South                                                          
828,MAWI,NYCEEC,M,Northside Center Day School,<p><strong>Alert</strong>: Program may have income or other eligibility requirements. Contact for more information.</p>,646-351-1300,302 - 306 East 111th St,10029,1,35,1000964,228364,jsantana@northsidecenter.org,http://northsidecenter.org,3,7,2,04MAWI,40.793689,-73.939825,11,8,180,1081364.0,1016820046.0,East Harlem North                                                          
829,MAWJ,NYCEEC,M,Harlem Gems North,,646-539-5898,381 Lenox Ave,10027,1,100,999785,234608,tweaver@hcz.org,http://hcz.org,3,6,2,05MAWJ,40.810574,-73.943975,10,9,224,1089104.0,1019147502.0,Central Harlem North-Polo Grounds                                          
830,MAWM,NYCEEC,M,ABC / Echo Park ECDC,,646-459-6032,1841 Park Ave,10035,3,20,1001378,232832,ediaz@a-b-c.org,http://a-b-c.org,1,4,1,05MAWM,40.805820000000004,-73.938463,11,9,242,1054495.0,1017750001.0,East Harlem North                                                          
831,MAWT,NYCEEC,M,Seventh Avenue Center For Family Services,<p><strong>Alert</strong>: Program may have income or other eligibility requirements. Contact for more information.</p>,212-862-0600,711 Lenox Ave,10039,1,25,1001894,238415,dnixon@7thavenuecenter.org,http://7thavenuecenter.org,3,6,1,05MAWT,40.8208,-73.935978,10,9,232,1060189.0,1020140036.0,Central Harlem North-Polo Grounds                                          
832,MAWW,NYCEEC,M,Urban Concepts / Round The Clock,,212-234-1870,3333 Broadway,10031,1,40,996309,237962,lil_fam@yahoo.com,,3,4,1,05MAWW,40.819887,-73.95524300000001,9,7,22302,1085412.0,1020019005.0,Manhattanville                                                             
833,MBKK,NYCEEC,M,River Park Nursery School,,212-663-1205,711 Amsterdam Ave,10025,1,18,992315,228138,riverparkns@verizon.net,,5,9,3,03MBKK,40.793032000000004,-73.971097,7,6,181,1032551.0,1012250001.0,Upper West Side                                                            
834,MAWX,NYCEEC,M,Utopia Children's Center,<p><strong>Alert</strong>: Program may have income or other eligibility requirements. Contact for more information.</p>,212-663-7376,236 West 129th St,10027,1,20,998625,235026,evansutopia@yahoo.com,,5,9,3,05MAWX,40.811811,-73.94720699999999,10,9,224,1081503.0,1019330001.0,Central Harlem North-Polo Grounds                                          
835,MAWZ,NYCEEC,M,Citizens Care DCC 3,<p><strong>Alert</strong>: Program may have income or other eligibility requirements. Contact for more information.</p>,212-690-0742,3240 Broadway,10027,1,36,996169,236889,CITIZENSCARE1@GMAIL.COM,,3,7,1,05MAWZ,40.816951,-73.957365,9,7,219,1084124.0,1019840001.0,Manhattanville                                                             
836,MAXC,NYCEEC,M,ECDO Child Start Center,<p><strong>Alert</strong>: Program may have income or other eligibility requirements. Contact for more information.</p>,212-234-8135,249 West 144th St,10030,1,32,1000508,238706,wallen@ecdo.org,http://ecdo.org,3,6,2,05MAXC,40.821585,-73.94100999999999,10,9,232,1060450.0,1020300010.0,Central Harlem North-Polo Grounds                                          
837,MAXF,NYCEEC,M,Addie Mae Collins 1,<p><strong>Alert</strong>: Program may have income or other eligibility requirements. Contact for more information.</p>,212-831-9220,110 East 129th St,10035,1,19,1001838,233323,mbernard@addiemaecollins.org,http://addiemaecollins.org,3,8,1,05MAXF,40.807387,-73.936695,11,9,242,1054505.0,1017770005.0,East Harlem North                                                          
838,MAXH,NYCEEC,M,St. Elizabeth Pre Kindergarten,,212-568-7291,612 West 187th St,10033,1,120,1003129,250109,tcunningham@steliznyc.org,http://saintelizabethschool.com,1,3,1,06MAXH,40.853229,-73.93141,12,10,271,1063977.0,1021660066.0,Washington Heights North                                                   
839,MAXJ,NYCEEC,M,Ft. George Head Start Center # 1,<p><strong>Alert</strong>: Program may have income or other eligibility requirements. Contact for more information.</p>,212-795-9184,1525 Saint Nicholas Ave,10033,1,120,1003176,249962,agrossbard@ftgeocenterhs.org,http://fortgeorgecenter.org,3,6,1,06MAXJ,40.85263,-73.931324,12,10,271,1063981.0,1021660082.0,Washington Heights North                                                   
840,MAXM,NYCEEC,M,Northern Manhattan Head Start,<p><strong>Alert</strong>: Program may have income or other eligibility requirements. Contact for more information.</p>,212-926-8264,529 West 155 St,10032,1,129,999621,242578,nmpprodriguez@aol.com,,3,6,2,06MAXM,40.83198,-73.943935,12,7,241,1084190.0,1021140058.0,Washington Heights South                                                   
841,MAXO,NYCEEC,M,UFBCO,<p><strong>Alert</strong>: Program may have income or other eligibility requirements. Contact for more information.</p>,212-281-1959,474 West 159th St,10032,1,82,1000897,242906,manalebish@gmail.com,,3,4,1,06MAXO,40.833655,-73.94006999999999,12,7,239,1062503.0,1021080023.0,Washington Heights South                                                   
842,MAXP,NYCEEC,M,St. Spyridon Parochial School,,212-795-6870,124 Wadsworth Ave,10033,1,72,1001974,248555,epanos48@gmail.com,,2,1,2,06MAXP,40.848741,-73.935777,12,10,263,1081877.0,1021630041.0,Washington Heights South                                                   
843,MAXS,NYCEEC,M,Washington Heights DCC,<p><strong>Alert</strong>: Program may have income or other eligibility requirements. Contact for more information.</p>,212-718-6910,610 - 614 West 175th St,10033,1,29,1001577,247337,whcccmcm@peoplepc.com,,5,9,3,06MAXS,40.845603999999994,-73.93700600000001,12,10,263,1063533.0,1021430048.0,Washington Heights South                                                   
844,MAXT,NYCEEC,M,Nicholas Cardell DCC,<p><strong>Alert</strong>: Program may have income or other eligibility requirements. Contact for more information.</p>,212-942-6757,84 Vermilyea Ave,10034,1,38,1005493,254805,Yrosario@nc-dcc.org,,3,4,1,06MAXT,40.865838000000004,-73.923128,12,10,291,1064905.0,1022340029.0,Marble Hill-Inwood                                                         
845,MAXV,NYCEEC,M,Dominican Women's Development Center,<p><strong>Alert</strong>: Program may have income or other eligibility requirements. Contact for more information.</p>,212-994-6060,2346 Amsterdam Ave,10033,1,36,1002718,247257,dwdcinfo@gmail.com,,5,9,3,06MAXV,40.845196,-73.933037,12,10,261,1063193.0,1021320047.0,Washington Heights South                                                   
846,MAXX,NYCEEC,M,Victoria Children's Group,,212-625-9228,230 Grand St 2nd Floor,10013,1,16,985616,201122,admin@victoriachildrensgroup.com,http://victoriachildrensgroup.com,5,9,3,02MAXX,40.718625,-73.995249,2,1,41,1006953.0,1004700064.0,SoHo-TriBeCa-Civic Center-Little Italy                                     
847,MAXZ,NYCEEC,M,Henry Street Settlement Day Care,<p><strong>Alert</strong>: Program may have income or other eligibility requirements. Contact for more information.</p>,212-253-1595,301 Henry St,10002,1,37,989041,199494,sbolton@henrystreet.org,http://henrystreet.org,3,4,1,01MAXZ,40.714054,-73.98279699999999,3,1,202,1003737.0,1002880021.0,Lower East Side                                                            
848,MAYH,NYCEEC,M,Hudson Guild,<p><strong>Alert</strong>: Program may have income or other eligibility requirements. Contact for more information.</p>,212-760-9830,410 West 40th St,10018,1,20,985826,215163,esiegel@hudsonguild.org,http://hudsonguild.org,3,6,2,02MAYH,40.757332,-73.99403000000001,4,3,115,1013005.0,1007370043.0,Clinton                                                                    
849,MAYJ,NYCEEC,M,New York Center For Child Development,,212-752-7575,159 W 127th St,10027,1,16,999006,234441,BerniceFokum@nyccd.org,http://nyccd.org,7,6,2,05MAYJ,40.809752,-73.946114,10,9,224,1057901.0,1019120006.0,Central Harlem North-Polo Grounds                                          
850,MAYL,NYCEEC,M,Sunshine Daycare East Harlem,,212-444-1177,1330 5th Ave,10026,1,18,998420,229977,yolanda@sunshinedaycare.com,,3,6,1,03MAYL,40.797810999999996,-73.94855799999999,10,9,186,1084511.0,1015950031.0,Central Harlem South                                                       
851,MAZB,NYCEEC,M,Evolution Enrichment Center,,212-375-9500,38 Delancey St,10002,1,36,986561,201569,ealexeeva4@gmail.com,http://evolutionenrichment.com,5,9,3,01MAZB,40.719668,-73.991858,3,1,18,1087549.0,1004207501.0,Chinatown                                                                  
852,MAZI,NYCEEC,M,Cathedral Parkway Towers Preschool,,212-749-0291,125 West 109th St,10025,3,18,994487,231479,Sandrahuntsmith@yahoo.com,,3,8,1,03MAZI,40.801565000000004,-73.962367,7,7,193,1079468.0,1018640009.0,Morningside Heights                                                        
853,MAZL,NYCEEC,M,East Harlem Block Nursery 2,<p><strong>Alert</strong>: Program may have income or other eligibility requirements. Contact for more information.</p>,212-234-3333,2112 Madison Ave,10037,1,18,1001557,234624,lfuentesehbn@yahoo.com,,5,9,3,05MAZL,40.810664,-73.937064,11,9,210,1081115.0,1017570001.0,East Harlem North                                                          
854,MAZN,NYCEEC,M,Goddard Riverside Day Care 1,<p><strong>Alert</strong>: Program may have income or other eligibility requirements. Contact for more information.</p>,212-873-6865,114 West 91st St,10025,1,50,992338,227020,mplace@goddard.org,http://goddard.org,3,7,1,03MAZN,40.789999,-73.970644,7,6,177,1077128.0,1012210007.0,Upper West Side                                                            
855,MAZQ,NYCEEC,M,Children's Aid Society's P.S. 5 Early Childhood Program,<p><strong>Alert</strong>: Program may have income or other eligibility requirements. Contact for more information.</p>,212-567-5787,3703 Tenth Ave,10034,1,40,1005720,252159,mmedina@childrensaid.org,http://childrensaidsociety.org,3,7,1,06MAZQ,40.858990000000006,-73.922894,12,10,299,1084201.0,1021500030.0,Marble Hill-Inwood                                                         
856,MAZS,NYCEEC,M,"Educational Alliance, Inc. @ P.S. 142",,646-395-4218,100 Attorney St,10002,3,20,988675,200974,Evelyn_Suarez@edalliance.org,http://edalliance.org,3,6,2,01MAZS,40.718383,-73.984452,3,1,1402,1004080.0,1003430001.0,Lower East Side                                                            
857,MAZT,NYCEEC,M,Dawning Village,<p><strong>Alert</strong>: Program may have income or other eligibility requirements. Contact for more information.</p>,212-369-5313,2090 First Ave,10029,1,18,1001426,227330,dawningvillage@yahoo.com,,5,9,3,04MAZT,40.790999,-73.939047,11,8,162,1083954.0,1017010001.0,East Harlem South                                                          
858,MAZZ,NYCEEC,M,Children's Aid Society At P.S. 8,,212-740-8655,465 West 167th St,10032,1,40,1001825,245069,esthero@childrensaidsociety.org,http://childrensaidsociety.org,3,8,1,06MAZZ,40.838954,-73.936838,12,10,249,1081842.0,1021120001.0,Washington Heights South                                                   
859,MBAA,NYCEEC,M,St. Brigid Early Childhood Academy,,347-903-8783,185 Ave D,10009,1,90,991302,203940,Admissions@StBrigidSchoolNY.com,http://stbrigidschoolny.com,5,9,3,01MBAA,40.726324,-73.974124,3,2,28,1088345.0,1003820022.0,Lower East Side                                                            
860,MBAJ,NYCEEC,M,Abyssinian Development Corp. 3,<p><strong>Alert</strong>: Program may have income or other eligibility requirements. Contact for more information.</p>,212-690-2869,25 West 132nd St,10037,1,20,1000937,234910,dsangare@adcorp.org,http://adcorp.org,3,6,1,05MBAJ,40.811289,-73.94002900000001,10,9,212,1053888.0,1017300025.0,Central Harlem North-Polo Grounds                                          
861,MBAU,NYCEEC,M,Sacred Heart Parochial,,212-246-4784,456 West 52nt Street,10019,1,90,986966,218169,jmorano@shjsncy.org,http://shjsnyc.org,3,3,1,02MBAU,40.765387,-73.989603,4,3,133,1077357.0,1010610054.0,Clinton                                                                    
862,MBBE,NYCEEC,M,Lexington Children's Center,<p><strong>Alert</strong>: Program may have income or other eligibility requirements. Contact for more information.</p>,212-410-1060,115 East 98th St,10029,1,18,997864,226383,rbeza@aol.com,http://lexingtonchildrenscenter.com,3,7,1,02MBBE,40.787637,-73.95105699999999,11,5,166,1078911.0,1016260001.0,East Harlem South                                                          
863,MBBG,NYCEEC,M,Community Life Center 2,<p><strong>Alert</strong>: Program may have income or other eligibility requirements. Contact for more information.</p>,212-427-3000,15 Mt Morris Park West,10027,1,73,999302,232580,barbara.sanchez243@gmail.com,,3,6,2,03MBBG,40.804829999999995,-73.945475,10,9,200,1053368.0,1017200058.0,Central Harlem South                                                       
864,MBBI,NYCEEC,M,Manhattan ECC,,212-740-5157,554 Ft Washington Ave,10033,1,32,1001668,250354,marjory.antoine@birchfamilyservices.org,http://birchfamilyservices.org,3,3,2,06MBBI,40.853907,-73.937258,12,10,273,1064395.0,1021800035.0,Washington Heights North                                                   
865,MBBJ,NYCEEC,M,Ft. George Child Center 1,<p><strong>Alert</strong>: Program may have income or other eligibility requirements. Contact for more information.</p>,212-927-2210,601 W 186 St,10033,1,17,1003145,249930,eguzman@ftgeocenterhs.org,,3,6,2,06MBBJ,40.852466,-73.931675,12,10,271,1063981.0,1021660082.0,Washington Heights North                                                   
866,MBCM,NYCEEC,M,Singleton Gems,,646-545-3935,23 West 124th St,10027,1,40,999822,233055,eterrell@hcz.org,http://hcz.org,3,6,1,05MBCM,40.806111,-73.943606,10,9,200,1053457.0,1017220025.0,Central Harlem South                                                       
867,MBFX,NYCEEC,M,Urban Concepts / Round The Clock,,212-862-2273,300 W 145 St,10039,1,20,1000120,239056,patricia.charles@msn.com,,3,2,1,05MBFX,40.822891999999996,-73.942071,10,9,259,1060788.0,1020447501.0,Central Harlem North-Polo Grounds                                          
868,MBGO,NYCEEC,M,Salvation Army New York Templecorp,,212-337-7468,132 West 14th St,10011,1,33,984638,208090,Maya.Ramirez@use.salvationarmy.org,http://ny.salvationarmy.org/greaternewyork/upk,3,2,2,02MBGO,40.737806,-73.997922,2,3,71,1010638.0,1006090020.0,West Village                                                               
869,MBGQ,NYCEEC,M,CCLC At 4 NY Plaza,,212-513-7367,4 Newyork Plz Suite 104,10004,1,31,981192,195283,Lpacheco@cclc.com,http://cclc.com,7,6,1,02MBGQ,40.702593,-74.01167099999999,1,1,9,1000000.0,1000047501.0,Battery Park City-Lower Manhattan                                          
870,MBGR,NYCEEC,M,Renanim Manhattan,,212-371-7233,336 East 61st St,10065,1,16,994825,216537,anitalazbin@gmail.com,http://renanimpreschool.com,3,8,1,02MBGR,40.761272999999996,-73.962061,8,5,110,1044214.0,1014350033.0,Lenox Hill-Roosevelt Island                                                
871,MBGS,NYCEEC,M,Hudson Guild,,212-760-9830,206 West 64th St,10023,1,40,988190,221100,esiegel@hudsonguild.org,http://hudsonguild.org,3,6,2,03MBGS,40.773624,-73.985584,7,6,151,1082576.0,1011540101.0,Lincoln Square                                                             
872,MBGT,NYCEEC,M,Finger Painted Hands,,212-595-5200,126 West 83rd St,10024,1,17,991289,225207,fph@fingerpaintedhands.net,http://fingerpaintedhands.net,7,6,1,03MBGT,40.784933,-73.97455699999999,7,6,169,1032080.0,1012130042.0,Upper West Side                                                            
873,MBGU,NYCEEC,M,Sugar Hill Museum Preschool,,212-862-7155,400 W 155th St,10032,1,54,1000579,241793,cmelville@bhc.org,http://bhc.org,3,6,2,06MBGU,40.830515999999996,-73.940507,9,9,23501,1089726.0,1020697501.0,Hamilton Heights                                                           
874,MBHH,NYCEEC,M,Center Annex ( Tribeca ECC ),<p><strong>Alert</strong>: Program may have income or other eligibility requirements. Contact for more information.</p>,212-925-5641,21 St John's Ln,10013,1,18,982687,202114,msikarevich@cpc-nyc.org,,3,6,1,02MBHH,40.721493,-74.005758,1,1,33,1002736.0,1002127503.0,SoHo-TriBeCa-Civic Center-Little Italy                                     
875,MBHI,NYCEEC,M,My Little Language School,,646-389-7552,225 West 99th St,10025,1,29,992730,229469,natalieperez@mylittlelanguageschool.com,http://uwsmontessori.com,7,7,1,03MBHI,40.796267,-73.96958599999999,7,7,187,1084035.0,1018710029.0,Upper West Side                                                            
876,MBHM,NYCEEC,M,Child Care Partners NY West,,212-797-1110,20 West St,10004,1,37,979879,196574,jpollard@tlecorp.com,http://manhattan.tlechildcare.com,5,9,3,02MBHM,40.706358,-74.01615100000001,1,1,13,1087243.0,1000157502.0,Battery Park City-Lower Manhattan                                          
877,MBHV,NYCEEC,M,Moreau LMSW Children & Family Services PC,,212-234-1036,764 St Nicholas Ave,10031,1,20,1000043,240250,jewelsofharlem@gmail.com,http://jewelsofharlem.com,3,6,1,05MBHV,40.826128000000004,-73.943217,9,9,231,1061158.0,1020537502.0,Hamilton Heights                                                           
878,MBIW,NYCEEC,M,University Settlement - Creative Steps,,212-982-2273,4 Washington Sq Vlg,10012,3,20,985093,204263,jrittenberg@universitysettlement.org,http://universitysettlement.org,8,6,1,02MBIW,40.727126,-73.997023,2,1,5501,1077836.0,1005330001.0,West Village                                                               
879,MBJS,NYCEEC,M,NY Preschool Tribeca,,718-228-0800,88 Leonard St,10013,1,18,982942,200504,stephanie.t@nykidsclub.com,http://nykidsclub.com,5,9,3,02MBJS,40.717162,-74.00467900000001,1,1,33,1087082.0,1001730027.0,SoHo-TriBeCa-Civic Center-Little Italy                                     
880,MBJU,NYCEEC,M,UCP Of NYC Manhattan UPK,,212-686-6700,80 West End Ave,10023,1,32,987605,221411,mkaufman@ucpnyc.org,http://ucpnyc.org,5,9,3,03MBJU,40.774469,-73.987782,7,6,151,1030337.0,0.0,Lincoln Square                                                             
881,MBJV,NYCEEC,M,Victoria Children's Center,,212-625-1828,323 Grand St,10002,1,56,986841,200508,info@victoriachildrensgroup.com,http://victoriachildrensgroup.com,5,9,3,02MBJV,40.717159,-73.990596,3,1,16,1004005.0,1003090011.0,Chinatown                                                                  
882,MBKS,NYCEEC,M,Butterfly CCC,,347-238-9341,296 East 4th St,10009,1,60,989544,202461,maria.zakarian.ny@gmail.com,,5,9,3,01MBKS,40.72242,-73.980515,3,2,2601,1004617.0,1003860033.0,Lower East Side                                                            
883,MBKU,NYCEEC,M,Cpc Little Star Of Broome Street,<p><strong>Alert</strong>: Program may have income or other eligibility requirements. Contact for more information.</p>,212-673-2680,131 Broome St,10002,1,18,988577,200191,mcheng@cpc-nyc.org,,5,9,3,01MBKU,40.716214,-73.983976,3,1,12,1077598.0,1003410070.0,Lower East Side                                                            
1831,Z015,DOE,M,Pre - K Center At 2 - 26 Washington St.,,212-637-8000,2 - 26 Washington St,10004,1,108,979937,196397,pre-k@schools.nyc.gov,,5,9,3,02Z015,40.705137,-74.015585,1,1,13,1087080.0,1000157501.0,Battery Park City-Lower Manhattan                                          
1846,Z031,DOE,M,Pre - K Center At P.S. 281 The River School,,212-637-8000,425 East 35th St,10016,1,180,991927,210500,pre-k@schools.nyc.gov,,5,9,3,02Z031,40.744279999999996,-73.97259100000001,6,4,8601,1089385.0,1009670002.0,Turtle Bay-East Midtown                                                    
1847,Z032,DOE,M,Pre - K Center At P.S. 051 Elias Howe,,212-637-8000,525 West 44 St,10036,1,90,985452,216762,pre-k@schools.nyc.gov,,5,9,3,02Z032,40.761479,-73.995823,4,3,129,1089418.0,1010730014.0,Clinton                                                                    
1848,Z033,DOE,M,Pre - K Center At Ps340 Sixth Avenue Elementary School,,212-637-8000,590 Sixth Ave,10011,1,144,985555,208518,pre-k@schools.nyc.gov,,5,9,3,02Z033,40.739178,-73.9955,5,3,54,1068261.0,1008187501.0,Hudson Yards-Chelsea-Flatiron-Union Square                                 
1849,Z034,DOE,M,Pre - K Center At P.S. 343 The Peck Slip School,,212-637-8000,1 Peck Slip,10038,1,180,983653,197502,pre-k@schools.nyc.gov,,5,9,3,02Z034,40.708766,-74.00240600000001,1,1,1501,1001363.0,1001060009.0,Battery Park City-Lower Manhattan                                          
1867,Z065,DOE,M,Pre - K Center At 52 Chambers Street,,212-637-8000,52 Chambers St,10007,1,54,982673,199218,pre-k@schools.nyc.gov,,5,9,3,02Z065,40.713814,-74.00556999999999,1,1,31,1079146.0,1001220001.0,SoHo-TriBeCa-Civic Center-Little Italy                                     
